[
  {
    "type": "tweet",
    "id": "1964522119079088540",
    "url": "https://x.com/brookstweetz/status/1964522119079088540",
    "twitterUrl": "https://twitter.com/brookstweetz/status/1964522119079088540",
    "text": "Gee I wonder what he could be back in peak physical shape for",
    "source": "",
    "retweetCount": 2500,
    "replyCount": 428,
    "likeCount": 115848,
    "quoteCount": 256,
    "viewCount": 7101386,
    "createdAt": "Sun Sep 07 02:52:26 +0000 2025",
    "lang": "en",
    "bookmarkCount": 5219,
    "isReply": false,
    "inReplyToId": null,
    "conversationId": "1964522119079088540",
    "inReplyToUserId": "",
    "inReplyToUsername": "",
    "isPinned": false,
    "author": {
      "type": "user",
      "userName": "brookstweetz",
      "url": "https://x.com/brookstweetz",
      "twitterUrl": "https://twitter.com/brookstweetz",
      "id": "603970857",
      "name": "Brooks | \ud83c\udff3\ufe0f\u200d\ud83c\udf08",
      "isVerified": false,
      "isBlueVerified": true,
      "profilePicture": "https://pbs.twimg.com/profile_images/1671222533213782032/1Uadij-X_normal.jpg",
      "coverPicture": "https://pbs.twimg.com/profile_banners/603970857/1725920936",
      "description": "Nightwing lover. Bibliophile. Cinephile. DC. Star Wars. Marvel. Qimir fan club.",
      "location": "Coruscant ",
      "followers": 20033,
      "following": 10508,
      "status": "",
      "canDm": true,
      "canMediaTag": false,
      "createdAt": "Sat Jun 09 20:16:36 +0000 2012",
      "entities": {
        "description": {},
        "url": {
          "urls": [
            {
              "display_url": "linktr.ee/brookstweetz",
              "expanded_url": "https://linktr.ee/brookstweetz",
              "indices": [
                0,
                23
              ],
              "url": "https://t.co/Od73UAdUmq"
            }
          ]
        }
      },
      "fastFollowersCount": 0,
      "favouritesCount": 0,
      "hasCustomTimelines": true,
      "isTranslator": false,
      "mediaCount": 8163,
      "statusesCount": 46674,
      "withheldInCountries": [],
      "affiliatesHighlightedLabel": {},
      "possiblySensitive": false,
      "pinnedTweetIds": [
        "1839766046078640452"
      ],
      "profile_bio": {
        "description": "Nightwing lover. Bibliophile. Cinephile. DC. Star Wars. Marvel. Qimir fan club.",
        "entities": {
          "description": {},
          "url": {
            "urls": [
              {
                "display_url": "linktr.ee/brookstweetz",
                "expanded_url": "https://linktr.ee/brookstweetz",
                "indices": [
                  0,
                  23
                ],
                "url": "https://t.co/Od73UAdUmq"
              }
            ]
          }
        },
        "withheld_in_countries": []
      },
      "isAutomated": false,
      "automatedBy": null
    },
    "extendedEntities": {},
    "card": {},
    "place": {},
    "entities": {},
    "isRetweet": false,
    "isQuote": true,
    "isConversationControlled": false,
    "quoted_tweet": {
      "type": "tweet",
      "id": "1964514709077709160",
      "url": "https://x.com/Variety/status/1964514709077709160",
      "twitterUrl": "https://twitter.com/Variety/status/1964514709077709160",
      "text": "Chris Evans. #TIFF https://t.co/hnHVipg3vt",
      "source": "",
      "retweetCount": 2543,
      "replyCount": 257,
      "likeCount": 34477,
      "quoteCount": 1390,
      "viewCount": 7869337,
      "createdAt": "Sun Sep 07 02:23:00 +0000 2025",
      "lang": "en",
      "bookmarkCount": 3008,
      "isReply": false,
      "inReplyToId": null,
      "conversationId": "1964514709077709160",
      "inReplyToUserId": "",
      "inReplyToUsername": "",
      "isPinned": false,
      "author": {
        "type": "user",
        "userName": "Variety",
        "url": "https://x.com/Variety",
        "twitterUrl": "https://twitter.com/Variety",
        "id": "17525171",
        "name": "Variety",
        "isVerified": false,
        "isBlueVerified": true,
        "profilePicture": "https://pbs.twimg.com/profile_images/1610752949550186496/X5zYP9oV_normal.jpg",
        "coverPicture": "https://pbs.twimg.com/profile_banners/17525171/1708531459",
        "description": "The business of entertainment.",
        "location": "Los Angeles, CA",
        "followers": 3050445,
        "following": 207486,
        "status": "",
        "canDm": false,
        "canMediaTag": false,
        "createdAt": "Thu Nov 20 23:02:29 +0000 2008",
        "entities": {
          "description": {},
          "url": {
            "urls": [
              {
                "display_url": "variety.com",
                "expanded_url": "http://www.variety.com",
                "indices": [
                  0,
                  23
                ],
                "url": "https://t.co/9dU0T7sRJN"
              }
            ]
          }
        },
        "fastFollowersCount": 0,
        "favouritesCount": 0,
        "hasCustomTimelines": true,
        "isTranslator": false,
        "mediaCount": 159423,
        "statusesCount": 524886,
        "withheldInCountries": [],
        "affiliatesHighlightedLabel": {},
        "possiblySensitive": false,
        "pinnedTweetIds": [
          "1962893278639984981"
        ],
        "profile_bio": {
          "description": "The business of entertainment.",
          "entities": {
            "description": {},
            "url": {
              "urls": [
                {
                  "display_url": "variety.com",
                  "expanded_url": "http://www.variety.com",
                  "indices": [
                    0,
                    23
                  ],
                  "url": "https://t.co/9dU0T7sRJN"
                }
              ]
            }
          },
          "withheld_in_countries": []
        },
        "isAutomated": false,
        "automatedBy": null
      },
      "extendedEntities": {
        "media": [
          {
            "display_url": "pic.twitter.com/hnHVipg3vt",
            "expanded_url": "https://twitter.com/Variety/status/1964514709077709160/photo/1",
            "ext_media_availability": {
              "status": "Available"
            },
            "features": {
              "large": {
                "faces": [
                  {
                    "h": 192,
                    "w": 192,
                    "x": 442,
                    "y": 1134
                  },
                  {
                    "h": 342,
                    "w": 342,
                    "x": 988,
                    "y": 144
                  }
                ]
              },
              "orig": {
                "faces": [
                  {
                    "h": 384,
                    "w": 384,
                    "x": 884,
                    "y": 2268
                  },
                  {
                    "h": 684,
                    "w": 684,
                    "x": 1976,
                    "y": 288
                  }
                ]
              }
            },
            "id_str": "1964514685895548928",
            "indices": [
              19,
              42
            ],
            "media_key": "3_1964514685895548928",
            "media_results": {
              "id": "QXBpTWVkaWFSZXN1bHRzOgwAAQoAARtDW7LI16AACgACG0NbuC6bUWgAAA==",
              "result": {
                "__typename": "ApiMedia",
                "id": "QXBpTWVkaWE6DAABCgABG0NbssjXoAAKAAIbQ1u4LptRaAAA",
                "media_key": "3_1964514685895548928"
              }
            },
            "media_url_https": "https://pbs.twimg.com/media/G0NbssjXoAAum0z.jpg",
            "original_info": {
              "focus_rects": [
                {
                  "h": 1775,
                  "w": 3170,
                  "x": 0,
                  "y": 0
                },
                {
                  "h": 3170,
                  "w": 3170,
                  "x": 0,
                  "y": 0
                },
                {
                  "h": 3614,
                  "w": 3170,
                  "x": 0,
                  "y": 0
                },
                {
                  "h": 4096,
                  "w": 2048,
                  "x": 1122,
                  "y": 0
                },
                {
                  "h": 4096,
                  "w": 3170,
                  "x": 0,
                  "y": 0
                }
              ],
              "height": 4096,
              "width": 3170
            },
            "sizes": {
              "large": {
                "h": 2048,
                "w": 1585
              }
            },
            "type": "photo",
            "url": "https://t.co/hnHVipg3vt"
          }
        ]
      },
      "card": {},
      "place": {},
      "entities": {
        "hashtags": [
          {
            "indices": [
              13,
              18
            ],
            "text": "TIFF"
          }
        ]
      },
      "isRetweet": false,
      "isQuote": false,
      "isConversationControlled": false,
      "quoted_tweet": null,
      "retweeted_tweet": null
    },
    "retweeted_tweet": null
  },
  {
    "type": "tweet",
    "id": "1964352894054125804",
    "url": "https://x.com/TheCinesthetic/status/1964352894054125804",
    "twitterUrl": "https://twitter.com/TheCinesthetic/status/1964352894054125804",
    "text": "Tom Cruise climbed the rock himself in Mission: Impossible 2, terrifying the crew. Director John Woo admitted he couldn\u2019t watch and just prayed. Cruise refused the fake cliff and wore only a thin safety cable, insisting on the real thing.\n https://t.co/Fzc1Jk86tB",
    "source": "",
    "retweetCount": 655,
    "replyCount": 229,
    "likeCount": 16180,
    "quoteCount": 129,
    "viewCount": 5160025,
    "createdAt": "Sat Sep 06 15:40:00 +0000 2025",
    "lang": "en",
    "bookmarkCount": 1808,
    "isReply": false,
    "inReplyToId": null,
    "conversationId": "1964352894054125804",
    "inReplyToUserId": "",
    "inReplyToUsername": "",
    "isPinned": false,
    "author": {
      "type": "user",
      "userName": "TheCinesthetic",
      "url": "https://x.com/TheCinesthetic",
      "twitterUrl": "https://twitter.com/TheCinesthetic",
      "id": "907173236097646592",
      "name": "cinesthetic.",
      "isVerified": false,
      "isBlueVerified": true,
      "profilePicture": "https://pbs.twimg.com/profile_images/1385452682517745667/mfcIUnoX_normal.jpg",
      "coverPicture": "https://pbs.twimg.com/profile_banners/907173236097646592/1755361191",
      "description": "motion picture person. cinema, music, tv and beyond. For Ads, Promotion / Partnership- DM or Email: thecinesthetic@gmail.com",
      "location": "Cin\u00e9ma du Panth\u00e9on",
      "followers": 1377582,
      "following": 202,
      "status": "",
      "canDm": true,
      "canMediaTag": false,
      "createdAt": "Mon Sep 11 09:25:28 +0000 2017",
      "entities": {
        "description": {},
        "url": {
          "urls": [
            {
              "display_url": "instagram.com/thecinesthetics",
              "expanded_url": "https://instagram.com/thecinesthetics",
              "indices": [
                0,
                23
              ],
              "url": "https://t.co/agQeEclJiA"
            }
          ]
        }
      },
      "fastFollowersCount": 0,
      "favouritesCount": 0,
      "hasCustomTimelines": true,
      "isTranslator": false,
      "mediaCount": 73498,
      "statusesCount": 127315,
      "withheldInCountries": [],
      "affiliatesHighlightedLabel": {},
      "possiblySensitive": false,
      "pinnedTweetIds": [
        "1942026026143666574"
      ],
      "profile_bio": {
        "description": "motion picture person. cinema, music, tv and beyond. For Ads, Promotion / Partnership- DM or Email: thecinesthetic@gmail.com",
        "entities": {
          "description": {},
          "url": {
            "urls": [
              {
                "display_url": "instagram.com/thecinesthetics",
                "expanded_url": "https://instagram.com/thecinesthetics",
                "indices": [
                  0,
                  23
                ],
                "url": "https://t.co/agQeEclJiA"
              }
            ]
          }
        },
        "withheld_in_countries": []
      },
      "isAutomated": false,
      "automatedBy": null
    },
    "extendedEntities": {
      "media": [
        {
          "additional_media_info": {
            "monetizable": false,
            "source_user": {
              "user_results": {
                "rest_id": "1837517288196698112",
                "result": {
                  "__typename": "User",
                  "action_counts": {
                    "favorites_count": 16779
                  },
                  "avatar": {
                    "image_url": "https://pbs.twimg.com/profile_images/1866868565892272129/OLf3O5Wd_normal.jpg"
                  },
                  "banner": {
                    "image_url": "https://pbs.twimg.com/profile_banners/1837517288196698112/1733931329"
                  },
                  "core": {
                    "created_at": "Sat Sep 21 15:40:52 +0000 2024",
                    "name": "Love Classical Music and Movies \ud83c\udfba\ud83c\udfbb\ud83d\udc96\ud83c\udfa5\ud83c\udfac",
                    "screen_name": "AlexTran677026"
                  },
                  "dm_permissions": {
                    "can_dm": false
                  },
                  "exclusive_tweet_following": false,
                  "identity_profile_labels_highlighted_label": {},
                  "location": {
                    "location": ""
                  },
                  "media_permissions": {
                    "can_media_tag": false
                  },
                  "notifications_settings": {},
                  "pinned_items": {
                    "tweet_ids_str": [
                      "1867040185764180115"
                    ]
                  },
                  "privacy": {},
                  "private_super_following": false,
                  "profile_bio": {
                    "description": "\ud83c\udf37Enjoy great Classical MUSIC, OPERA and Movies together\ud83c\udfac\ud83c\udfa7\ud83c\udfb5 \ud83d\udc96\ud83c\udf86",
                    "entities": {
                      "description": {},
                      "url": {
                        "urls": [
                          {
                            "display_url": "shenyuncreations.com/vi-VN?fbclid=I\u2026",
                            "expanded_url": "https://www.shenyuncreations.com/vi-VN?fbclid=IwY2xjawHGkkdleHRuA2FlbQIxMQABHWeKdKz0_G9rHV-2qVc6EWU_",
                            "indices": [
                              0,
                              23
                            ],
                            "url": "https://t.co/zGDywvlNUP"
                          }
                        ]
                      }
                    },
                    "withheld_in_countries": []
                  },
                  "profile_metadata": {
                    "profile_interstitial_type": "",
                    "profile_link_color": "1DA1F2"
                  },
                  "profile_translation": {
                    "translator_type_enum": "None"
                  },
                  "properties": {
                    "has_extended_profile": true
                  },
                  "relationship_counts": {
                    "followers": 163275,
                    "following": 7007
                  },
                  "relationship_perspectives": {},
                  "rest_id": "1837517288196698112",
                  "super_follow_eligible": false,
                  "super_followed_by": false,
                  "super_following": false,
                  "tweet_counts": {
                    "media_tweets": 3786,
                    "tweets": 5405
                  },
                  "website": {
                    "url": "https://t.co/zGDywvlNUP"
                  },
                  "verification": {
                    "is_blue_verified": true
                  }
                }
              }
            }
          },
          "display_url": "pic.twitter.com/Fzc1Jk86tB",
          "expanded_url": "https://x.com/AlexTran677026/status/1956178968488632523/video/1",
          "ext_media_availability": {
            "status": "Available"
          },
          "id_str": "1956178918106697728",
          "indices": [
            240,
            263
          ],
          "media_key": "7_1956178918106697728",
          "media_results": {
            "id": "QXBpTWVkaWFSZXN1bHRzOgwAAwoAARslvlya25AACgACG0LIjK+bUOwAAA==",
            "result": {
              "__typename": "ApiMedia",
              "id": "QXBpTWVkaWE6DAADCgABGyW+XJrbkAAKAAIbQsiMr5tQ7AAA",
              "media_key": "7_1956178918106697728"
            }
          },
          "media_url_https": "https://pbs.twimg.com/ext_tw_video_thumb/1956178918106697728/pu/img/6uF5OemFw8wRkWOx.jpg",
          "original_info": {
            "focus_rects": [],
            "height": 720,
            "width": 720
          },
          "sizes": {
            "large": {
              "h": 720,
              "w": 720
            }
          },
          "source_status_id_str": "1956178968488632523",
          "source_user_id_str": "1837517288196698112",
          "type": "video",
          "url": "https://t.co/Fzc1Jk86tB",
          "video_info": {
            "aspect_ratio": [
              1,
              1
            ],
            "duration_millis": 108785,
            "variants": [
              {
                "content_type": "application/x-mpegURL",
                "url": "https://video.twimg.com/ext_tw_video/1956178918106697728/pu/pl/exiWtD5s46e7Ulc4.m3u8?tag=12"
              },
              {
                "bitrate": 432000,
                "content_type": "video/mp4",
                "url": "https://video.twimg.com/ext_tw_video/1956178918106697728/pu/vid/avc1/320x320/93cV6HLFsNyyUay2.mp4?tag=12"
              },
              {
                "bitrate": 832000,
                "content_type": "video/mp4",
                "url": "https://video.twimg.com/ext_tw_video/1956178918106697728/pu/vid/avc1/540x540/QsueLXtyZnRKPUB6.mp4?tag=12"
              },
              {
                "bitrate": 1280000,
                "content_type": "video/mp4",
                "url": "https://video.twimg.com/ext_tw_video/1956178918106697728/pu/vid/avc1/720x720/m_HFY4vNGqN22N0_.mp4?tag=12"
              }
            ]
          }
        }
      ]
    },
    "card": {},
    "place": {},
    "entities": {},
    "isRetweet": false,
    "isQuote": false,
    "isConversationControlled": false,
    "quoted_tweet": null,
    "retweeted_tweet": null
  },
  {
    "type": "tweet",
    "id": "1963973540425707840",
    "url": "https://x.com/Zazamyodor/status/1963973540425707840",
    "twitterUrl": "https://twitter.com/Zazamyodor/status/1963973540425707840",
    "text": "See that\u2019s why I can\u2019t be a police officer She would have been free and fucked https://t.co/ELChX9TCjh",
    "source": "",
    "retweetCount": 6588,
    "replyCount": 2713,
    "likeCount": 157307,
    "quoteCount": 1315,
    "viewCount": 20769438,
    "createdAt": "Fri Sep 05 14:32:35 +0000 2025",
    "lang": "en",
    "bookmarkCount": 61044,
    "isReply": false,
    "inReplyToId": null,
    "conversationId": "1963973540425707840",
    "inReplyToUserId": "",
    "inReplyToUsername": "",
    "isPinned": false,
    "author": {
      "type": "user",
      "userName": "Zazamyodor",
      "url": "https://x.com/Zazamyodor",
      "twitterUrl": "https://twitter.com/Zazamyodor",
      "id": "1218025222516940800",
      "name": "Zaza Man",
      "isVerified": false,
      "isBlueVerified": true,
      "profilePicture": "https://pbs.twimg.com/profile_images/1956657169299861504/zuTfnWYW_normal.jpg",
      "coverPicture": "https://pbs.twimg.com/profile_banners/1218025222516940800/1704662495",
      "description": "Zaza Man is a sinister rapper whose toxic, hypnotic verses weave a haunting spell, ensnaring listeners in his chilling, villainous aura. IG: Zazamanmusic",
      "location": "The Darkside  ",
      "followers": 50432,
      "following": 8579,
      "status": "",
      "canDm": true,
      "canMediaTag": true,
      "createdAt": "Fri Jan 17 04:20:24 +0000 2020",
      "entities": {
        "description": {},
        "url": {
          "urls": [
            {
              "display_url": "linktr.ee/zazamanmusic",
              "expanded_url": "https://linktr.ee/zazamanmusic",
              "indices": [
                0,
                23
              ],
              "url": "https://t.co/4tzXWbFsm0"
            }
          ]
        }
      },
      "fastFollowersCount": 0,
      "favouritesCount": 0,
      "hasCustomTimelines": true,
      "isTranslator": false,
      "mediaCount": 3051,
      "statusesCount": 182494,
      "withheldInCountries": [],
      "affiliatesHighlightedLabel": {},
      "possiblySensitive": false,
      "pinnedTweetIds": [
        "1949918631858667613"
      ],
      "profile_bio": {
        "description": "Zaza Man is a sinister rapper whose toxic, hypnotic verses weave a haunting spell, ensnaring listeners in his chilling, villainous aura. IG: Zazamanmusic",
        "entities": {
          "description": {},
          "url": {
            "urls": [
              {
                "display_url": "linktr.ee/zazamanmusic",
                "expanded_url": "https://linktr.ee/zazamanmusic",
                "indices": [
                  0,
                  23
                ],
                "url": "https://t.co/4tzXWbFsm0"
              }
            ]
          }
        },
        "withheld_in_countries": []
      },
      "isAutomated": false,
      "automatedBy": null
    },
    "extendedEntities": {
      "media": [
        {
          "additional_media_info": {
            "monetizable": false
          },
          "allow_download_status": {
            "allow_download": true
          },
          "display_url": "pic.twitter.com/ELChX9TCjh",
          "expanded_url": "https://twitter.com/Zazamyodor/status/1963973540425707840/video/1",
          "ext_media_availability": {
            "status": "Available"
          },
          "id_str": "1963973430392258560",
          "indices": [
            79,
            102
          ],
          "media_key": "13_1963973430392258560",
          "media_results": {
            "id": "QXBpTWVkaWFSZXN1bHRzOgwABAoAARtBb23q1gAAAAA=",
            "result": {
              "__typename": "ApiMedia",
              "id": "QXBpTWVkaWE6DAAECgABG0FvberWAAAAAA==",
              "media_key": "13_1963973430392258560"
            }
          },
          "media_url_https": "https://pbs.twimg.com/amplify_video_thumb/1963973430392258560/img/pmmo-Kqreh7Py3y5.jpg",
          "original_info": {
            "focus_rects": [],
            "height": 1076,
            "width": 886
          },
          "sizes": {
            "large": {
              "h": 1076,
              "w": 886
            }
          },
          "type": "video",
          "url": "https://t.co/ELChX9TCjh",
          "video_info": {
            "aspect_ratio": [
              443,
              538
            ],
            "duration_millis": 5101,
            "variants": [
              {
                "content_type": "application/x-mpegURL",
                "url": "https://video.twimg.com/amplify_video/1963973430392258560/pl/pzzBdfDatqYgPc7X.m3u8?tag=21"
              },
              {
                "bitrate": 632000,
                "content_type": "video/mp4",
                "url": "https://video.twimg.com/amplify_video/1963973430392258560/vid/avc1/320x388/DqGRlfraJgaCYqH_.mp4?tag=21"
              },
              {
                "bitrate": 950000,
                "content_type": "video/mp4",
                "url": "https://video.twimg.com/amplify_video/1963973430392258560/vid/avc1/480x582/hdpaWrPbRYaRqoKT.mp4?tag=21"
              },
              {
                "bitrate": 2176000,
                "content_type": "video/mp4",
                "url": "https://video.twimg.com/amplify_video/1963973430392258560/vid/avc1/720x874/2XadvNSlHkapgQvx.mp4?tag=21"
              },
              {
                "bitrate": 10368000,
                "content_type": "video/mp4",
                "url": "https://video.twimg.com/amplify_video/1963973430392258560/vid/avc1/886x1076/TgojmiTQgo37v1qL.mp4?tag=21"
              }
            ]
          }
        }
      ]
    },
    "card": {},
    "place": {},
    "entities": {},
    "isRetweet": false,
    "isQuote": false,
    "isConversationControlled": false,
    "quoted_tweet": null,
    "retweeted_tweet": null
  },
  {
    "type": "tweet",
    "id": "1964440362484986021",
    "url": "https://x.com/DudespostingWs/status/1964440362484986021",
    "twitterUrl": "https://twitter.com/DudespostingWs/status/1964440362484986021",
    "text": "An officer claimed it was impossible to exit a car and get over an embankment in under 30 seconds.\n\nAttorney Matt Brock from Chattanooga filmed a reenactment, proved him wrong and won the case https://t.co/XjKNhN8rVt",
    "source": "",
    "retweetCount": 1112,
    "replyCount": 351,
    "likeCount": 48268,
    "quoteCount": 41,
    "viewCount": 7440544,
    "createdAt": "Sat Sep 06 21:27:34 +0000 2025",
    "lang": "en",
    "bookmarkCount": 2444,
    "isReply": false,
    "inReplyToId": null,
    "conversationId": "1964440362484986021",
    "inReplyToUserId": "",
    "inReplyToUsername": "",
    "isPinned": false,
    "author": {
      "type": "user",
      "userName": "DudespostingWs",
      "url": "https://x.com/DudespostingWs",
      "twitterUrl": "https://twitter.com/DudespostingWs",
      "id": "1354228711466426369",
      "name": "Dudes Posting Their W\u2019s",
      "isVerified": false,
      "isBlueVerified": true,
      "profilePicture": "https://pbs.twimg.com/profile_images/1658149450672484355/qRS_C5VE_normal.jpg",
      "coverPicture": "https://pbs.twimg.com/profile_banners/1354228711466426369/1638471271",
      "description": "Ironically Funny and Wholesome. DMs open for submissions \ud83e\udd42 DM for Removal or Credit",
      "location": "Subscribe\ud83d\udc49",
      "followers": 2667690,
      "following": 34,
      "status": "",
      "canDm": true,
      "canMediaTag": true,
      "createdAt": "Wed Jan 27 00:44:29 +0000 2021",
      "entities": {
        "description": {},
        "url": {
          "urls": [
            {
              "display_url": "dudespostingws.beehiiv.com",
              "expanded_url": "https://dudespostingws.beehiiv.com/",
              "indices": [
                0,
                23
              ],
              "url": "https://t.co/laMwcSx1Db"
            }
          ]
        }
      },
      "fastFollowersCount": 0,
      "favouritesCount": 0,
      "hasCustomTimelines": true,
      "isTranslator": false,
      "mediaCount": 6389,
      "statusesCount": 6667,
      "withheldInCountries": [],
      "affiliatesHighlightedLabel": {
        "label": {
          "badge": {
            "url": "https://pbs.twimg.com/profile_images/1778055517925146624/nJXOa2UM_bigger.jpg"
          },
          "description": "Pubity",
          "url": {
            "url": "https://twitter.com/pubity",
            "url_type": "DeepLink"
          },
          "user_label_type": "BusinessLabel",
          "user_label_display_type": "Badge"
        }
      },
      "possiblySensitive": false,
      "pinnedTweetIds": [
        "1923699647962321275"
      ],
      "profile_bio": {
        "description": "Ironically Funny and Wholesome. DMs open for submissions \ud83e\udd42 DM for Removal or Credit",
        "entities": {
          "description": {},
          "url": {
            "urls": [
              {
                "display_url": "dudespostingws.beehiiv.com",
                "expanded_url": "https://dudespostingws.beehiiv.com/",
                "indices": [
                  0,
                  23
                ],
                "url": "https://t.co/laMwcSx1Db"
              }
            ]
          }
        },
        "withheld_in_countries": []
      },
      "isAutomated": false,
      "automatedBy": null
    },
    "extendedEntities": {
      "media": [
        {
          "additional_media_info": {
            "monetizable": false,
            "source_user": {
              "user_results": {
                "rest_id": "1670916525081985024",
                "result": {
                  "__typename": "User",
                  "action_counts": {
                    "favorites_count": 10
                  },
                  "avatar": {
                    "image_url": "https://pbs.twimg.com/profile_images/1846653954215608320/jNQEw_mH_normal.jpg"
                  },
                  "banner": {},
                  "core": {
                    "created_at": "Mon Jun 19 22:08:52 +0000 2023",
                    "name": "Nebula",
                    "screen_name": "Nba_Nebula"
                  },
                  "dm_permissions": {
                    "can_dm": true
                  },
                  "exclusive_tweet_following": false,
                  "identity_profile_labels_highlighted_label": {},
                  "location": {
                    "location": ""
                  },
                  "media_permissions": {
                    "can_media_tag": true
                  },
                  "notifications_settings": {},
                  "pinned_items": {},
                  "privacy": {},
                  "private_super_following": false,
                  "profile_bio": {
                    "description": "no copyright intended. DM for credits/removal/submission!",
                    "entities": {
                      "description": {}
                    },
                    "withheld_in_countries": []
                  },
                  "profile_metadata": {
                    "profile_interstitial_type": "",
                    "profile_link_color": "1DA1F2"
                  },
                  "profile_translation": {
                    "translator_type_enum": "None"
                  },
                  "properties": {
                    "has_extended_profile": true
                  },
                  "relationship_counts": {
                    "followers": 3975,
                    "following": 20
                  },
                  "relationship_perspectives": {},
                  "rest_id": "1670916525081985024",
                  "super_follow_eligible": false,
                  "super_followed_by": false,
                  "super_following": false,
                  "tweet_counts": {
                    "media_tweets": 1007,
                    "tweets": 1010
                  },
                  "website": {
                    "url": ""
                  },
                  "verification": {
                    "is_blue_verified": false
                  }
                }
              }
            }
          },
          "allow_download_status": {
            "allow_download": true
          },
          "display_url": "pic.twitter.com/XjKNhN8rVt",
          "expanded_url": "https://x.com/Nba_Nebula/status/1922683871860003043/video/1",
          "ext_media_availability": {
            "status": "Available"
          },
          "id_str": "1922683836736946177",
          "indices": [
            193,
            216
          ],
          "media_key": "13_1922683836736946177",
          "media_results": {
            "id": "QXBpTWVkaWFSZXN1bHRzOgwABAoAARquvsNAF0ABAAA=",
            "result": {
              "__typename": "ApiMedia",
              "id": "QXBpTWVkaWE6DAAECgABGq6+w0AXQAEAAA==",
              "media_key": "13_1922683836736946177"
            }
          },
          "media_url_https": "https://pbs.twimg.com/amplify_video_thumb/1922683836736946177/img/73ZbQmFo6ORWhirQ.jpg",
          "original_info": {
            "focus_rects": [],
            "height": 1280,
            "width": 720
          },
          "sizes": {
            "large": {
              "h": 1280,
              "w": 720
            }
          },
          "source_status_id_str": "1922683871860003043",
          "source_user_id_str": "1670916525081985024",
          "type": "video",
          "url": "https://t.co/XjKNhN8rVt",
          "video_info": {
            "aspect_ratio": [
              9,
              16
            ],
            "duration_millis": 15366,
            "variants": [
              {
                "content_type": "application/x-mpegURL",
                "url": "https://video.twimg.com/amplify_video/1922683836736946177/pl/6zqtdXhFfLWeAAly.m3u8?tag=14&v=94c"
              },
              {
                "bitrate": 632000,
                "content_type": "video/mp4",
                "url": "https://video.twimg.com/amplify_video/1922683836736946177/vid/avc1/320x568/EYcLEMjgE37CprLM.mp4?tag=14"
              },
              {
                "bitrate": 950000,
                "content_type": "video/mp4",
                "url": "https://video.twimg.com/amplify_video/1922683836736946177/vid/avc1/480x852/PoQCvb3Zw2C0twfq.mp4?tag=14"
              },
              {
                "bitrate": 2176000,
                "content_type": "video/mp4",
                "url": "https://video.twimg.com/amplify_video/1922683836736946177/vid/avc1/720x1280/iJ9x6LKKpWDfkxGi.mp4?tag=14"
              }
            ]
          }
        }
      ]
    },
    "card": {},
    "place": {},
    "entities": {},
    "isRetweet": false,
    "isQuote": false,
    "isConversationControlled": false,
    "quoted_tweet": null,
    "retweeted_tweet": null
  },
  {
    "type": "tweet",
    "id": "1964399603325030427",
    "url": "https://x.com/AutismCapital/status/1964399603325030427",
    "twitterUrl": "https://twitter.com/AutismCapital/status/1964399603325030427",
    "text": "This is what positive masculinity looks like. He gets the ball, does his victory battle cry, sees the girl, here you go, she raises her hands in joy. This is beautiful.\nhttps://t.co/DubJ1APGwF",
    "source": "",
    "retweetCount": 7224,
    "replyCount": 888,
    "likeCount": 110759,
    "quoteCount": 365,
    "viewCount": 8297572,
    "createdAt": "Sat Sep 06 18:45:36 +0000 2025",
    "lang": "en",
    "bookmarkCount": 2745,
    "isReply": false,
    "inReplyToId": null,
    "conversationId": "1964399603325030427",
    "inReplyToUserId": "",
    "inReplyToUsername": "",
    "isPinned": false,
    "author": {
      "type": "user",
      "userName": "AutismCapital",
      "url": "https://x.com/AutismCapital",
      "twitterUrl": "https://twitter.com/AutismCapital",
      "id": "1297651178256257024",
      "name": "Autism Capital \ud83e\udde9",
      "isVerified": false,
      "isBlueVerified": true,
      "profilePicture": "https://pbs.twimg.com/profile_images/1607967887305887745/pN-Bl6pc_normal.jpg",
      "coverPicture": "https://pbs.twimg.com/profile_banners/1297651178256257024/1700628740",
      "description": "Citizen journalism with a humorous flair. Following Fintech, Crypto, AI, Longevity, Politics, Memes, and whatever the current thing is.",
      "location": "The Blockchain",
      "followers": 882467,
      "following": 0,
      "status": "",
      "canDm": true,
      "canMediaTag": true,
      "createdAt": "Sun Aug 23 21:45:35 +0000 2020",
      "entities": {
        "description": {}
      },
      "fastFollowersCount": 0,
      "favouritesCount": 0,
      "hasCustomTimelines": true,
      "isTranslator": false,
      "mediaCount": 24435,
      "statusesCount": 63610,
      "withheldInCountries": [],
      "affiliatesHighlightedLabel": {},
      "possiblySensitive": false,
      "pinnedTweetIds": [],
      "profile_bio": {
        "description": "Citizen journalism with a humorous flair. Following Fintech, Crypto, AI, Longevity, Politics, Memes, and whatever the current thing is.",
        "entities": {
          "description": {}
        },
        "withheld_in_countries": []
      },
      "isAutomated": false,
      "automatedBy": null
    },
    "extendedEntities": {
      "media": [
        {
          "additional_media_info": {
            "monetizable": false,
            "source_user": {
              "user_results": {
                "rest_id": "1918462660741611520",
                "result": {
                  "__typename": "User",
                  "action_counts": {
                    "favorites_count": 10585
                  },
                  "avatar": {
                    "image_url": "https://pbs.twimg.com/profile_images/1949719823702704128/EA8bkwYz_normal.jpg"
                  },
                  "banner": {
                    "image_url": "https://pbs.twimg.com/profile_banners/1918462660741611520/1753507493"
                  },
                  "core": {
                    "created_at": "Sat May 03 00:28:53 +0000 2025",
                    "name": "Boom\ud83d\udca5",
                    "screen_name": "WeriBomb"
                  },
                  "dm_permissions": {
                    "can_dm": false
                  },
                  "exclusive_tweet_following": false,
                  "identity_profile_labels_highlighted_label": {},
                  "location": {
                    "location": "Luc\u00eda\u2019s World "
                  },
                  "media_permissions": {
                    "can_media_tag": true
                  },
                  "notifications_settings": {},
                  "pinned_items": {
                    "tweet_ids_str": [
                      "1950664691140968912"
                    ]
                  },
                  "privacy": {},
                  "private_super_following": false,
                  "profile_bio": {
                    "description": "Iba a poner algo lindo, pero se me olvid\u00f3.",
                    "entities": {
                      "description": {}
                    },
                    "withheld_in_countries": []
                  },
                  "profile_metadata": {
                    "profile_interstitial_type": "",
                    "profile_link_color": "1DA1F2"
                  },
                  "profile_translation": {
                    "translator_type_enum": "None"
                  },
                  "properties": {
                    "has_extended_profile": true
                  },
                  "relationship_counts": {
                    "followers": 2213,
                    "following": 949
                  },
                  "relationship_perspectives": {},
                  "rest_id": "1918462660741611520",
                  "super_follow_eligible": false,
                  "super_followed_by": false,
                  "super_following": false,
                  "tweet_counts": {
                    "media_tweets": 1276,
                    "tweets": 2404
                  },
                  "website": {
                    "url": ""
                  },
                  "verification": {
                    "is_blue_verified": true
                  }
                }
              }
            }
          },
          "allow_download_status": {
            "allow_download": true
          },
          "display_url": "pic.twitter.com/DubJ1APGwF",
          "expanded_url": "https://x.com/WeriBomb/status/1964386190158893198/video/1",
          "ext_media_availability": {
            "status": "Available"
          },
          "id_str": "1964386165697511424",
          "indices": [
            169,
            192
          ],
          "media_key": "7_1964386165697511424",
          "media_results": {
            "id": "QXBpTWVkaWFSZXN1bHRzOgwAAwoAARtC5s9YF4AACgACG0LzCAkbUBsAAA==",
            "result": {
              "__typename": "ApiMedia",
              "id": "QXBpTWVkaWE6DAADCgABG0Lmz1gXgAAKAAIbQvMICRtQGwAA",
              "media_key": "7_1964386165697511424"
            }
          },
          "media_url_https": "https://pbs.twimg.com/ext_tw_video_thumb/1964386165697511424/pu/img/69_z2AW-K6HqIZBL.jpg",
          "original_info": {
            "focus_rects": [],
            "height": 646,
            "width": 980
          },
          "sizes": {
            "large": {
              "h": 646,
              "w": 980
            }
          },
          "source_status_id_str": "1964386190158893198",
          "source_user_id_str": "1918462660741611520",
          "type": "video",
          "url": "https://t.co/DubJ1APGwF",
          "video_info": {
            "aspect_ratio": [
              490,
              323
            ],
            "duration_millis": 14954,
            "variants": [
              {
                "content_type": "application/x-mpegURL",
                "url": "https://video.twimg.com/ext_tw_video/1964386165697511424/pu/pl/4GFIACWWkg2C75vR.m3u8?tag=12&v=070"
              },
              {
                "bitrate": 256000,
                "content_type": "video/mp4",
                "url": "https://video.twimg.com/ext_tw_video/1964386165697511424/pu/vid/avc1/408x270/6jTsI9GxHanQv0SN.mp4?tag=12"
              },
              {
                "bitrate": 832000,
                "content_type": "video/mp4",
                "url": "https://video.twimg.com/ext_tw_video/1964386165697511424/pu/vid/avc1/546x360/bpBypVLAES98PTSi.mp4?tag=12"
              },
              {
                "bitrate": 2176000,
                "content_type": "video/mp4",
                "url": "https://video.twimg.com/ext_tw_video/1964386165697511424/pu/vid/avc1/980x646/Ap2dko9iPVS0wg4z.mp4?tag=12"
              }
            ]
          }
        }
      ]
    },
    "card": {},
    "place": {},
    "entities": {},
    "isRetweet": false,
    "isQuote": false,
    "isConversationControlled": false,
    "quoted_tweet": null,
    "retweeted_tweet": null
  },
  {
    "type": "tweet",
    "id": "1964395156750422501",
    "url": "https://x.com/CollinRugg/status/1964395156750422501",
    "twitterUrl": "https://twitter.com/CollinRugg/status/1964395156750422501",
    "text": "The Phillies \u2018Karen\u2019 was captured on camera getting in another man\u2019s face for heckling her after she demanded the home run ball from a child.\n\nThe woman marched over to a man in an Eagles jersey and got in his face before she appeared to flip off the entire section.\n\nCompletely unhinged.",
    "source": "",
    "retweetCount": 11769,
    "replyCount": 4915,
    "likeCount": 73602,
    "quoteCount": 1180,
    "viewCount": 10434262,
    "createdAt": "Sat Sep 06 18:27:56 +0000 2025",
    "lang": "en",
    "bookmarkCount": 7581,
    "isReply": false,
    "inReplyToId": null,
    "conversationId": "1964395156750422501",
    "inReplyToUserId": "",
    "inReplyToUsername": "",
    "isPinned": false,
    "author": {
      "type": "user",
      "userName": "CollinRugg",
      "url": "https://x.com/CollinRugg",
      "twitterUrl": "https://twitter.com/CollinRugg",
      "id": "890061634181373952",
      "name": "Collin Rugg",
      "isVerified": false,
      "isBlueVerified": true,
      "profilePicture": "https://pbs.twimg.com/profile_images/1325087660428447746/4DL2iq76_normal.jpg",
      "coverPicture": "https://pbs.twimg.com/profile_banners/890061634181373952/1613522799",
      "description": "Co-Owner of Trending Politics | Investor | American \ud83c\uddfa\ud83c\uddf8",
      "location": "United States",
      "followers": 1885534,
      "following": 708,
      "status": "",
      "canDm": true,
      "canMediaTag": false,
      "createdAt": "Wed Jul 26 04:10:04 +0000 2017",
      "entities": {
        "description": {},
        "url": {
          "urls": [
            {
              "display_url": "trendingpoliticsnews.com",
              "expanded_url": "https://trendingpoliticsnews.com",
              "indices": [
                0,
                23
              ],
              "url": "https://t.co/MbpH1fNere"
            }
          ]
        }
      },
      "fastFollowersCount": 0,
      "favouritesCount": 0,
      "hasCustomTimelines": true,
      "isTranslator": false,
      "mediaCount": 9671,
      "statusesCount": 30852,
      "withheldInCountries": [],
      "affiliatesHighlightedLabel": {},
      "possiblySensitive": false,
      "pinnedTweetIds": [
        "1854048223456809055"
      ],
      "profile_bio": {
        "description": "Co-Owner of Trending Politics | Investor | American \ud83c\uddfa\ud83c\uddf8",
        "entities": {
          "description": {},
          "url": {
            "urls": [
              {
                "display_url": "trendingpoliticsnews.com",
                "expanded_url": "https://trendingpoliticsnews.com",
                "indices": [
                  0,
                  23
                ],
                "url": "https://t.co/MbpH1fNere"
              }
            ]
          }
        },
        "withheld_in_countries": []
      },
      "isAutomated": false,
      "automatedBy": null
    },
    "extendedEntities": {
      "media": [
        {
          "additional_media_info": {
            "monetizable": false
          },
          "allow_download_status": {
            "allow_download": true
          },
          "display_url": "pic.twitter.com/FvL7KGn2Jh",
          "expanded_url": "https://twitter.com/CollinRugg/status/1964395156750422501/video/1",
          "ext_media_availability": {
            "status": "Available"
          },
          "id_str": "1964394956300439553",
          "indices": [
            280,
            303
          ],
          "media_key": "13_1964394956300439553",
          "media_results": {
            "id": "QXBpTWVkaWFSZXN1bHRzOgwABAoAARtC7s4Q21ABAAA=",
            "result": {
              "__typename": "ApiMedia",
              "id": "QXBpTWVkaWE6DAAECgABG0LuzhDbUAEAAA==",
              "media_key": "13_1964394956300439553"
            }
          },
          "media_url_https": "https://pbs.twimg.com/amplify_video_thumb/1964394956300439553/img/FOzuO8O8iWeZL8q_.jpg",
          "original_info": {
            "focus_rects": [],
            "height": 1080,
            "width": 1080
          },
          "sizes": {
            "large": {
              "h": 1080,
              "w": 1080
            }
          },
          "type": "video",
          "url": "https://t.co/FvL7KGn2Jh",
          "video_info": {
            "aspect_ratio": [
              1,
              1
            ],
            "duration_millis": 48900,
            "variants": [
              {
                "content_type": "application/x-mpegURL",
                "url": "https://video.twimg.com/amplify_video/1964394956300439553/pl/R2K4ElC8sQMuR_vM.m3u8?tag=21&v=4ff"
              },
              {
                "bitrate": 432000,
                "content_type": "video/mp4",
                "url": "https://video.twimg.com/amplify_video/1964394956300439553/vid/avc1/320x320/s0_jEIAF3V1bfi3j.mp4?tag=21"
              },
              {
                "bitrate": 832000,
                "content_type": "video/mp4",
                "url": "https://video.twimg.com/amplify_video/1964394956300439553/vid/avc1/540x540/fuIzjtQcJ62jlpTR.mp4?tag=21"
              },
              {
                "bitrate": 1280000,
                "content_type": "video/mp4",
                "url": "https://video.twimg.com/amplify_video/1964394956300439553/vid/avc1/720x720/hQu0YrQyLiYZZfot.mp4?tag=21"
              },
              {
                "bitrate": 8768000,
                "content_type": "video/mp4",
                "url": "https://video.twimg.com/amplify_video/1964394956300439553/vid/avc1/1080x1080/1L2E8E6C6dD-ryeC.mp4?tag=21"
              }
            ]
          }
        }
      ]
    },
    "card": {},
    "place": {},
    "entities": {},
    "isRetweet": false,
    "isQuote": false,
    "isConversationControlled": false,
    "quoted_tweet": null,
    "retweeted_tweet": null
  },
  {
    "type": "tweet",
    "id": "1964197412828041459",
    "url": "https://x.com/WallStreetApes/status/1964197412828041459",
    "twitterUrl": "https://twitter.com/WallStreetApes/status/1964197412828041459",
    "text": "Charlie Kirk showing in South Korea they have large inflatable \u201ccushy chairs\u201d for everyone to hangout on in public areas\n\n\u201cThis would last about 35 seconds in most American cities\u201d\n\n\u201cYou can have nice stuff. Crime is a choice. We shouldn't put up with it. South Korea doesn't. We shouldn't either\u201d\n\nAmerica could be a paradise, instead all our tax money gets laundered and our public areas are trashed",
    "source": "",
    "retweetCount": 9614,
    "replyCount": 2869,
    "likeCount": 93354,
    "quoteCount": 475,
    "viewCount": 8620269,
    "createdAt": "Sat Sep 06 05:22:10 +0000 2025",
    "lang": "en",
    "bookmarkCount": 5268,
    "isReply": false,
    "inReplyToId": null,
    "conversationId": "1964197412828041459",
    "inReplyToUserId": "",
    "inReplyToUsername": "",
    "isPinned": false,
    "author": {
      "type": "user",
      "userName": "WallStreetApes",
      "url": "https://x.com/WallStreetApes",
      "twitterUrl": "https://twitter.com/WallStreetApes",
      "id": "1099579684981944320",
      "name": "Wall Street Apes",
      "isVerified": false,
      "isBlueVerified": true,
      "profilePicture": "https://pbs.twimg.com/profile_images/1593753619148382208/YYzzCs6C_normal.jpg",
      "coverPicture": "https://pbs.twimg.com/profile_banners/1099579684981944320/1708323947",
      "description": "We Are The Resistance. Unfiltered Breaking News | Followed By @elonmusk \ud835\udd4f @joerogan \ud83c\udf99\ufe0f @DonaldjTrumpJr \ud83c\uddfa\ud83c\uddf8 @dbongino \u2696\ufe0f @RealAlexJones \ud83e\udeac @JamesOKeefeIII \ud83d\uddde\ufe0f",
      "location": "United States of Corruption",
      "followers": 1080843,
      "following": 30861,
      "status": "",
      "canDm": true,
      "canMediaTag": true,
      "createdAt": "Sun Feb 24 08:00:00 +0000 2019",
      "entities": {
        "description": {
          "user_mentions": [
            {
              "id_str": "0",
              "indices": [
                62,
                71
              ],
              "name": "",
              "screen_name": "elonmusk"
            },
            {
              "id_str": "0",
              "indices": [
                74,
                83
              ],
              "name": "",
              "screen_name": "joerogan"
            },
            {
              "id_str": "0",
              "indices": [
                87,
                102
              ],
              "name": "",
              "screen_name": "DonaldjTrumpJr"
            },
            {
              "id_str": "0",
              "indices": [
                106,
                115
              ],
              "name": "",
              "screen_name": "dbongino"
            },
            {
              "id_str": "0",
              "indices": [
                119,
                133
              ],
              "name": "",
              "screen_name": "RealAlexJones"
            },
            {
              "id_str": "0",
              "indices": [
                136,
                151
              ],
              "name": "",
              "screen_name": "JamesOKeefeIII"
            }
          ]
        }
      },
      "fastFollowersCount": 0,
      "favouritesCount": 0,
      "hasCustomTimelines": true,
      "isTranslator": false,
      "mediaCount": 16036,
      "statusesCount": 39488,
      "withheldInCountries": [],
      "affiliatesHighlightedLabel": {},
      "possiblySensitive": false,
      "pinnedTweetIds": [
        "1906526419079082173"
      ],
      "profile_bio": {
        "description": "We Are The Resistance. Unfiltered Breaking News | Followed By @elonmusk \ud835\udd4f @joerogan \ud83c\udf99\ufe0f @DonaldjTrumpJr \ud83c\uddfa\ud83c\uddf8 @dbongino \u2696\ufe0f @RealAlexJones \ud83e\udeac @JamesOKeefeIII \ud83d\uddde\ufe0f",
        "entities": {
          "description": {
            "user_mentions": [
              {
                "id_str": "0",
                "indices": [
                  62,
                  71
                ],
                "name": "",
                "screen_name": "elonmusk"
              },
              {
                "id_str": "0",
                "indices": [
                  74,
                  83
                ],
                "name": "",
                "screen_name": "joerogan"
              },
              {
                "id_str": "0",
                "indices": [
                  87,
                  102
                ],
                "name": "",
                "screen_name": "DonaldjTrumpJr"
              },
              {
                "id_str": "0",
                "indices": [
                  106,
                  115
                ],
                "name": "",
                "screen_name": "dbongino"
              },
              {
                "id_str": "0",
                "indices": [
                  119,
                  133
                ],
                "name": "",
                "screen_name": "RealAlexJones"
              },
              {
                "id_str": "0",
                "indices": [
                  136,
                  151
                ],
                "name": "",
                "screen_name": "JamesOKeefeIII"
              }
            ]
          }
        },
        "withheld_in_countries": []
      },
      "isAutomated": false,
      "automatedBy": null
    },
    "extendedEntities": {
      "media": [
        {
          "additional_media_info": {
            "monetizable": false
          },
          "display_url": "pic.twitter.com/2ZZ5iquiYh",
          "expanded_url": "https://twitter.com/WallStreetApes/status/1964197412828041459/video/1",
          "ext_media_availability": {
            "status": "Available"
          },
          "id_str": "1964197352316776448",
          "indices": [
            281,
            304
          ],
          "media_key": "13_1964197352316776448",
          "media_results": {
            "id": "QXBpTWVkaWFSZXN1bHRzOgwABAoAARtCOxXNmrAAAAA=",
            "result": {
              "__typename": "ApiMedia",
              "id": "QXBpTWVkaWE6DAAECgABG0I7Fc2asAAAAA==",
              "media_key": "13_1964197352316776448"
            }
          },
          "media_url_https": "https://pbs.twimg.com/amplify_video_thumb/1964197352316776448/img/Ewm57xxSr9kDkvkh.jpg",
          "original_info": {
            "focus_rects": [],
            "height": 854,
            "width": 466
          },
          "sizes": {
            "large": {
              "h": 854,
              "w": 466
            }
          },
          "type": "video",
          "url": "https://t.co/2ZZ5iquiYh",
          "video_info": {
            "aspect_ratio": [
              233,
              427
            ],
            "duration_millis": 23400,
            "variants": [
              {
                "content_type": "application/x-mpegURL",
                "url": "https://video.twimg.com/amplify_video/1964197352316776448/pl/wSHCEFrmNa6z2wOx.m3u8?tag=21&v=c5a"
              },
              {
                "bitrate": 632000,
                "content_type": "video/mp4",
                "url": "https://video.twimg.com/amplify_video/1964197352316776448/vid/avc1/320x586/3eXx4jSjmpkT8fQc.mp4?tag=21"
              },
              {
                "bitrate": 950000,
                "content_type": "video/mp4",
                "url": "https://video.twimg.com/amplify_video/1964197352316776448/vid/avc1/466x854/4aZJ0s4CUIYSFGjH.mp4?tag=21"
              }
            ]
          }
        }
      ]
    },
    "card": {},
    "place": {},
    "entities": {},
    "isRetweet": false,
    "isQuote": false,
    "isConversationControlled": false,
    "quoted_tweet": null,
    "retweeted_tweet": null
  },
  {
    "type": "tweet",
    "id": "1964396295575015847",
    "url": "https://x.com/Sarahhuniverse/status/1964396295575015847",
    "twitterUrl": "https://twitter.com/Sarahhuniverse/status/1964396295575015847",
    "text": "How Beekeepers mark a Queen \ud83d\udc1d\n\n\u00a9 staindrop_honey https://t.co/pkNIfhfT2q",
    "source": "",
    "retweetCount": 759,
    "replyCount": 101,
    "likeCount": 26563,
    "quoteCount": 61,
    "viewCount": 13822566,
    "createdAt": "Sat Sep 06 18:32:28 +0000 2025",
    "lang": "en",
    "bookmarkCount": 2800,
    "isReply": false,
    "inReplyToId": null,
    "conversationId": "1964396295575015847",
    "inReplyToUserId": "",
    "inReplyToUsername": "",
    "isPinned": false,
    "author": {
      "type": "user",
      "userName": "Sarahhuniverse",
      "url": "https://x.com/Sarahhuniverse",
      "twitterUrl": "https://twitter.com/Sarahhuniverse",
      "id": "1791717437131661312",
      "name": "Sarahh",
      "isVerified": false,
      "isBlueVerified": true,
      "profilePicture": "https://pbs.twimg.com/profile_images/1795187897504759811/P6I24tn1_normal.jpg",
      "coverPicture": "https://pbs.twimg.com/profile_banners/1791717437131661312/1755787439",
      "description": "Researcher (Doctorate in Environmental Science), (pursuing Phd. in Biodiversity), Freelance Journalist and Lecturer, Music and Art lover...",
      "location": "",
      "followers": 73127,
      "following": 9,
      "status": "",
      "canDm": false,
      "canMediaTag": true,
      "createdAt": "Sat May 18 06:29:35 +0000 2024",
      "entities": {
        "description": {}
      },
      "fastFollowersCount": 0,
      "favouritesCount": 0,
      "hasCustomTimelines": true,
      "isTranslator": false,
      "mediaCount": 7504,
      "statusesCount": 7651,
      "withheldInCountries": [],
      "affiliatesHighlightedLabel": {},
      "possiblySensitive": false,
      "pinnedTweetIds": [],
      "profile_bio": {
        "description": "Researcher (Doctorate in Environmental Science), (pursuing Phd. in Biodiversity), Freelance Journalist and Lecturer, Music and Art lover...",
        "entities": {
          "description": {}
        },
        "withheld_in_countries": []
      },
      "isAutomated": false,
      "automatedBy": null
    },
    "extendedEntities": {
      "media": [
        {
          "additional_media_info": {
            "monetizable": false
          },
          "display_url": "pic.twitter.com/pkNIfhfT2q",
          "expanded_url": "https://twitter.com/Sarahhuniverse/status/1964396295575015847/video/1",
          "ext_media_availability": {
            "status": "Available"
          },
          "id_str": "1964396253808128000",
          "indices": [
            49,
            72
          ],
          "media_key": "7_1964396253808128000",
          "media_results": {
            "id": "QXBpTWVkaWFSZXN1bHRzOgwAAwoAARtC7/wqV3AACgACG0LwBePXkacAAA==",
            "result": {
              "__typename": "ApiMedia",
              "id": "QXBpTWVkaWE6DAADCgABG0Lv/CpXcAAKAAIbQvAF49eRpwAA",
              "media_key": "7_1964396253808128000"
            }
          },
          "media_url_https": "https://pbs.twimg.com/ext_tw_video_thumb/1964396253808128000/pu/img/0LQL-YfBYyNZ3XCc.jpg",
          "original_info": {
            "focus_rects": [],
            "height": 912,
            "width": 672
          },
          "sizes": {
            "large": {
              "h": 912,
              "w": 672
            }
          },
          "type": "video",
          "url": "https://t.co/pkNIfhfT2q",
          "video_info": {
            "aspect_ratio": [
              14,
              19
            ],
            "duration_millis": 33065,
            "variants": [
              {
                "content_type": "application/x-mpegURL",
                "url": "https://video.twimg.com/ext_tw_video/1964396253808128000/pu/pl/4QaiG_W4FgyWRBPV.m3u8?tag=12&v=2ab"
              },
              {
                "bitrate": 632000,
                "content_type": "video/mp4",
                "url": "https://video.twimg.com/ext_tw_video/1964396253808128000/pu/vid/avc1/320x434/axP7WyRfQZTqFKZA.mp4?tag=12"
              },
              {
                "bitrate": 950000,
                "content_type": "video/mp4",
                "url": "https://video.twimg.com/ext_tw_video/1964396253808128000/pu/vid/avc1/480x650/pEBZDhRkiCmvodqn.mp4?tag=12"
              },
              {
                "bitrate": 2176000,
                "content_type": "video/mp4",
                "url": "https://video.twimg.com/ext_tw_video/1964396253808128000/pu/vid/avc1/672x912/dQ18p5raVlu-u4n4.mp4?tag=12"
              }
            ]
          }
        }
      ]
    },
    "card": {},
    "place": {},
    "entities": {},
    "isRetweet": false,
    "isQuote": false,
    "isConversationControlled": false,
    "quoted_tweet": null,
    "retweeted_tweet": null
  },
  {
    "type": "tweet",
    "id": "1964358451871818088",
    "url": "https://x.com/200StabWounds/status/1964358451871818088",
    "twitterUrl": "https://twitter.com/200StabWounds/status/1964358451871818088",
    "text": "\ud83d\udd25",
    "source": "",
    "retweetCount": 6808,
    "replyCount": 112,
    "likeCount": 210175,
    "quoteCount": 57,
    "viewCount": 5872019,
    "createdAt": "Sat Sep 06 16:02:05 +0000 2025",
    "lang": "art",
    "bookmarkCount": 6223,
    "isReply": false,
    "inReplyToId": null,
    "conversationId": "1964358451871818088",
    "inReplyToUserId": "",
    "inReplyToUsername": "",
    "isPinned": false,
    "author": {
      "type": "user",
      "userName": "200StabWounds",
      "url": "https://x.com/200StabWounds",
      "twitterUrl": "https://twitter.com/200StabWounds",
      "id": "1216089875793006598",
      "name": "200 STAB WOUNDS",
      "isVerified": false,
      "isBlueVerified": false,
      "profilePicture": "https://pbs.twimg.com/profile_images/1806403887248637952/gHUwXHND_normal.jpg",
      "coverPicture": "https://pbs.twimg.com/profile_banners/1216089875793006598/1719515263",
      "description": "\u2018MANUAL MANIC PROCEDURES\u2019 out now on Metal Blade Records. Booking: Nick.Storch@artistgrp.com MGMT: james@southernstateartistmgmt.com",
      "location": "Cleveland, OH",
      "followers": 12732,
      "following": 108,
      "status": "",
      "canDm": true,
      "canMediaTag": false,
      "createdAt": "Sat Jan 11 20:10:07 +0000 2020",
      "entities": {
        "description": {},
        "url": {
          "urls": [
            {
              "display_url": "linktr.ee/200stabwounds",
              "expanded_url": "https://linktr.ee/200stabwounds",
              "indices": [
                0,
                23
              ],
              "url": "https://t.co/T2HmBc8Xog"
            }
          ]
        }
      },
      "fastFollowersCount": 0,
      "favouritesCount": 0,
      "hasCustomTimelines": true,
      "isTranslator": false,
      "mediaCount": 271,
      "statusesCount": 2642,
      "withheldInCountries": [],
      "affiliatesHighlightedLabel": {},
      "possiblySensitive": false,
      "pinnedTweetIds": [
        "1806706291198283813"
      ],
      "profile_bio": {
        "description": "\u2018MANUAL MANIC PROCEDURES\u2019 out now on Metal Blade Records. Booking: Nick.Storch@artistgrp.com MGMT: james@southernstateartistmgmt.com",
        "entities": {
          "description": {},
          "url": {
            "urls": [
              {
                "display_url": "linktr.ee/200stabwounds",
                "expanded_url": "https://linktr.ee/200stabwounds",
                "indices": [
                  0,
                  23
                ],
                "url": "https://t.co/T2HmBc8Xog"
              }
            ]
          }
        },
        "withheld_in_countries": []
      },
      "isAutomated": false,
      "automatedBy": null
    },
    "extendedEntities": {},
    "card": {},
    "place": {},
    "entities": {},
    "isRetweet": false,
    "isQuote": true,
    "isConversationControlled": false,
    "quoted_tweet": {
      "type": "tweet",
      "id": "1964159266014556489",
      "url": "https://x.com/Jagadoo13/status/1964159266014556489",
      "twitterUrl": "https://twitter.com/Jagadoo13/status/1964159266014556489",
      "text": "My son just had the nerve to ask me if he can go see a band called 200 stab wounds on a school night",
      "source": "",
      "retweetCount": 237,
      "replyCount": 102,
      "likeCount": 8139,
      "quoteCount": 114,
      "viewCount": 6055726,
      "createdAt": "Sat Sep 06 02:50:35 +0000 2025",
      "lang": "en",
      "bookmarkCount": 305,
      "isReply": false,
      "inReplyToId": null,
      "conversationId": "1964159266014556489",
      "inReplyToUserId": "",
      "inReplyToUsername": "",
      "isPinned": false,
      "author": {
        "type": "user",
        "userName": "Jagadoo13",
        "url": "https://x.com/Jagadoo13",
        "twitterUrl": "https://twitter.com/Jagadoo13",
        "id": "1359649015",
        "name": "Boogie",
        "isVerified": false,
        "isBlueVerified": false,
        "profilePicture": "https://pbs.twimg.com/profile_images/1959767923053993984/rSHYiax9_normal.jpg",
        "coverPicture": "https://pbs.twimg.com/profile_banners/1359649015/1756585476",
        "description": "Based on a true story",
        "location": "my side of the couch",
        "followers": 159,
        "following": 214,
        "status": "",
        "canDm": false,
        "canMediaTag": false,
        "createdAt": "Wed Apr 17 15:06:41 +0000 2013",
        "entities": {
          "description": {}
        },
        "fastFollowersCount": 0,
        "favouritesCount": 0,
        "hasCustomTimelines": true,
        "isTranslator": false,
        "mediaCount": 931,
        "statusesCount": 7187,
        "withheldInCountries": [],
        "affiliatesHighlightedLabel": {},
        "possiblySensitive": false,
        "pinnedTweetIds": [],
        "profile_bio": {
          "description": "Based on a true story",
          "entities": {
            "description": {}
          },
          "withheld_in_countries": []
        },
        "isAutomated": false,
        "automatedBy": null
      },
      "extendedEntities": {},
      "card": {},
      "place": {},
      "entities": {},
      "isRetweet": false,
      "isQuote": false,
      "isConversationControlled": false,
      "quoted_tweet": null,
      "retweeted_tweet": null
    },
    "retweeted_tweet": null
  },
  {
    "type": "tweet",
    "id": "1964159266014556489",
    "url": "https://x.com/Jagadoo13/status/1964159266014556489",
    "twitterUrl": "https://twitter.com/Jagadoo13/status/1964159266014556489",
    "text": "My son just had the nerve to ask me if he can go see a band called 200 stab wounds on a school night",
    "source": "",
    "retweetCount": 237,
    "replyCount": 102,
    "likeCount": 8139,
    "quoteCount": 114,
    "viewCount": 6055726,
    "createdAt": "Sat Sep 06 02:50:35 +0000 2025",
    "lang": "en",
    "bookmarkCount": 305,
    "isReply": false,
    "inReplyToId": null,
    "conversationId": "1964159266014556489",
    "inReplyToUserId": "",
    "inReplyToUsername": "",
    "isPinned": false,
    "author": {
      "type": "user",
      "userName": "Jagadoo13",
      "url": "https://x.com/Jagadoo13",
      "twitterUrl": "https://twitter.com/Jagadoo13",
      "id": "1359649015",
      "name": "Boogie",
      "isVerified": false,
      "isBlueVerified": false,
      "profilePicture": "https://pbs.twimg.com/profile_images/1959767923053993984/rSHYiax9_normal.jpg",
      "coverPicture": "https://pbs.twimg.com/profile_banners/1359649015/1756585476",
      "description": "Based on a true story",
      "location": "my side of the couch",
      "followers": 159,
      "following": 214,
      "status": "",
      "canDm": false,
      "canMediaTag": false,
      "createdAt": "Wed Apr 17 15:06:41 +0000 2013",
      "entities": {
        "description": {}
      },
      "fastFollowersCount": 0,
      "favouritesCount": 0,
      "hasCustomTimelines": true,
      "isTranslator": false,
      "mediaCount": 931,
      "statusesCount": 7187,
      "withheldInCountries": [],
      "affiliatesHighlightedLabel": {},
      "possiblySensitive": false,
      "pinnedTweetIds": [],
      "profile_bio": {
        "description": "Based on a true story",
        "entities": {
          "description": {}
        },
        "withheld_in_countries": []
      },
      "isAutomated": false,
      "automatedBy": null
    },
    "extendedEntities": {},
    "card": {},
    "place": {},
    "entities": {},
    "isRetweet": false,
    "isQuote": false,
    "isConversationControlled": false,
    "quoted_tweet": null,
    "retweeted_tweet": null
  },
  {
    "type": "mock_tweet",
    "id": -1,
    "text": "Since you are a free user, you can only access a maximum of 15 tweets. Please upgrade to a paid user to unlock access to all tweets."
  },
  {
    "type": "mock_tweet",
    "id": -1,
    "text": "From KaitoEasyAPI, a reminder:Our API pricing is based on the volume of data returned. However, to ensure we can cover our costs on the Apify platform, we have a minimum charge of $X per API call,even if the response contains no results.Thus, we returned N pieces of mock data. We will monitor and adjust the size of N based on the infrastructure costs incurred by Apify.This helps offset the infrastructure costs we incur for each API request, regardless of the data returned. We want to be upfront about this policy so you understand the pricing structure when using our service.Despite adding mock data when no results are found, we're still barely breaking even. Our prices are already very reasonable, but we're committed to maintaining this service to support the growth of your project.Please let us know if you have any other questions!"
  },
  {
    "type": "mock_tweet",
    "id": -1,
    "text": "From KaitoEasyAPI, a reminder:Our API pricing is based on the volume of data returned. However, to ensure we can cover our costs on the Apify platform, we have a minimum charge of $X per API call,even if the response contains no results.Thus, we returned N pieces of mock data. We will monitor and adjust the size of N based on the infrastructure costs incurred by Apify.This helps offset the infrastructure costs we incur for each API request, regardless of the data returned. We want to be upfront about this policy so you understand the pricing structure when using our service.Despite adding mock data when no results are found, we're still barely breaking even. Our prices are already very reasonable, but we're committed to maintaining this service to support the growth of your project.Please let us know if you have any other questions!"
  },
  {
    "type": "mock_tweet",
    "id": -1,
    "text": "From KaitoEasyAPI, a reminder:Our API pricing is based on the volume of data returned. However, to ensure we can cover our costs on the Apify platform, we have a minimum charge of $X per API call,even if the response contains no results.Thus, we returned N pieces of mock data. We will monitor and adjust the size of N based on the infrastructure costs incurred by Apify.This helps offset the infrastructure costs we incur for each API request, regardless of the data returned. We want to be upfront about this policy so you understand the pricing structure when using our service.Despite adding mock data when no results are found, we're still barely breaking even. Our prices are already very reasonable, but we're committed to maintaining this service to support the growth of your project.Please let us know if you have any other questions!"
  },
  {
    "type": "mock_tweet",
    "id": -1,
    "text": "From KaitoEasyAPI, a reminder:Our API pricing is based on the volume of data returned. However, to ensure we can cover our costs on the Apify platform, we have a minimum charge of $X per API call,even if the response contains no results.Thus, we returned N pieces of mock data. We will monitor and adjust the size of N based on the infrastructure costs incurred by Apify.This helps offset the infrastructure costs we incur for each API request, regardless of the data returned. We want to be upfront about this policy so you understand the pricing structure when using our service.Despite adding mock data when no results are found, we're still barely breaking even. Our prices are already very reasonable, but we're committed to maintaining this service to support the growth of your project.Please let us know if you have any other questions!"
  },
  {
    "type": "mock_tweet",
    "id": -1,
    "text": "From KaitoEasyAPI, a reminder:Our API pricing is based on the volume of data returned. However, to ensure we can cover our costs on the Apify platform, we have a minimum charge of $X per API call,even if the response contains no results.Thus, we returned N pieces of mock data. We will monitor and adjust the size of N based on the infrastructure costs incurred by Apify.This helps offset the infrastructure costs we incur for each API request, regardless of the data returned. We want to be upfront about this policy so you understand the pricing structure when using our service.Despite adding mock data when no results are found, we're still barely breaking even. Our prices are already very reasonable, but we're committed to maintaining this service to support the growth of your project.Please let us know if you have any other questions!"
  }
]