{
  "timestamp": "2024-01-01",
  "source": "dry_run_test",
  "comparative_observations": {
    "timestamp": "2025-10-21T13:13:08.512563",
    "analysis_type": "comparative_observations",
    "sample_size": {
      "viral_count": 1,
      "non_viral_count": 1,
      "total": 2
    },
    "metrics_comparison": {
      "viral": {
        "avg_views": 100000.0,
        "avg_likes": 10000.0,
        "avg_engagement_rate": 10.0
      },
      "non_viral": {
        "avg_views": 5000.0,
        "avg_likes": 500.0,
        "avg_engagement_rate": 10.0
      },
      "viral_lift": {
        "views_multiplier": 20.0,
        "likes_multiplier": 20.0
      }
    },
    "viral_patterns_observed": [
      "\ud83d\udd25 [MOCK] Strong hook in first 3 seconds",
      "\ud83d\udd25 [MOCK] High-energy presentation style",
      "\ud83d\udd25 [MOCK] Emotional appeal or humor",
      "\ud83d\udd25 [MOCK] Clear call-to-action",
      "\ud83d\udd25 [MOCK] Trending audio or format"
    ],
    "non_viral_gaps_identified": [
      "\u26a0\ufe0f [MOCK] Slow or unclear opening",
      "\u26a0\ufe0f [MOCK] Low production quality",
      "\u26a0\ufe0f [MOCK] Lack of emotional engagement",
      "\u26a0\ufe0f [MOCK] No clear value proposition",
      "\u26a0\ufe0f [MOCK] Generic or oversaturated content"
    ],
    "key_differentiators": [
      "\ud83d\udccc [MOCK] Viral content has 3.2x higher engagement in first 5 seconds",
      "\ud83d\udccc [MOCK] Viral creators use dynamic camera angles 2x more often",
      "\ud83d\udccc [MOCK] Viral content features human faces in thumbnails 78% of time",
      "\ud83d\udccc [MOCK] Viral videos maintain viewer attention 47% longer"
    ],
    "_note": "\u26a0\ufe0f THIS IS MOCK DATA - Replace with real Gemini analysis"
  },
  "cross_category_hypotheses": {
    "timestamp": "2025-10-21T13:13:08.512770",
    "analysis_type": "cross_category_hypotheses",
    "hypotheses": [
      {
        "id": "H1",
        "hypothesis": "[MOCK] Videos with emotional hooks in the first 3 seconds achieve 5x higher viral potential regardless of category",
        "confidence_level": "High",
        "supporting_evidence": [
          "92% of viral videos analyzed had clear emotional triggers within first 3 seconds",
          "Non-viral videos averaged 8.2 seconds before emotional engagement",
          "Cross-category pattern observed in beauty, tech, and lifestyle content"
        ],
        "test_recommendation": "A/B test ads with emotional hook vs. product-first opening",
        "expected_impact": "25-40% increase in engagement rate"
      },
      {
        "id": "H2",
        "hypothesis": "[MOCK] User-generated content style outperforms polished production in authentic engagement",
        "confidence_level": "Medium",
        "supporting_evidence": [
          "UGC-style videos had 2.3x higher comment rates",
          "Overly polished content perceived as 'too ad-like'",
          "Trend consistent across Gen Z and Millennial audiences"
        ],
        "test_recommendation": "Create 'raw' version of polished ad creative",
        "expected_impact": "15-30% increase in shareability"
      },
      {
        "id": "H3",
        "hypothesis": "[MOCK] Problem-solution narrative structure drives higher completion rates",
        "confidence_level": "High",
        "supporting_evidence": [
          "Viral videos using problem-solution format had 87% avg completion rate",
          "Linear product showcase videos averaged 34% completion",
          "Clear before/after demonstration resonates universally"
        ],
        "test_recommendation": "Restructure ads to lead with relatable problem",
        "expected_impact": "40-60% improvement in watch time"
      },
      {
        "id": "H4",
        "hypothesis": "[MOCK] Trending audio increases discoverability by 3-4x regardless of visual content quality",
        "confidence_level": "Medium-High",
        "supporting_evidence": [
          "78% of viral videos used trending audio",
          "Algorithm prioritizes content with popular audio tracks",
          "Audio-driven discovery accounts for 42% of viral reach"
        ],
        "test_recommendation": "Monitor trending audio and adapt creative quickly",
        "expected_impact": "200-300% increase in organic reach"
      }
    ],
    "universal_principles": [
      "\ud83c\udfaf [MOCK] Attention must be captured within 1-3 seconds",
      "\ud83c\udfaf [MOCK] Authenticity trumps production quality",
      "\ud83c\udfaf [MOCK] Emotional resonance > Product features",
      "\ud83c\udfaf [MOCK] Platform-native format > Repurposed content",
      "\ud83c\udfaf [MOCK] Clear value proposition in first frame"
    ],
    "_note": "\u26a0\ufe0f THIS IS MOCK DATA - Replace with real Gemini-generated hypotheses"
  },
  "ad_format_suggestions": {
    "timestamp": "2025-10-21T13:13:08.512884",
    "analysis_type": "ad_format_recommendations",
    "based_on_hypotheses": [
      "H1",
      "H2",
      "H3",
      "H4"
    ],
    "ad_formats": [
      {
        "format_id": "AF1",
        "format_name": "[MOCK] Hook-First Emotional Reel",
        "platform": "Instagram Reels",
        "duration_seconds": 15,
        "structure": {
          "0-3s": "Emotional hook or shocking statement (e.g., 'I wasted $500 until I found this...')",
          "3-8s": "Quick problem demonstration with relatable pain point",
          "8-12s": "Product reveal and solution showcase",
          "12-15s": "Clear CTA with urgency element"
        },
        "creative_elements": [
          "Close-up face shot in first frame",
          "Text overlay with provocative question",
          "Trending audio (check TikTok Creative Center)",
          "Before/after visual transition",
          "On-screen text for sound-off viewing"
        ],
        "script_template": "HOOK: 'Stop! I wish I knew this before spending $$$ on [problem]...' \u2192 PROBLEM: Show frustration/pain \u2192 SOLUTION: 'Then I found [product]' \u2192 RESULT: Happy customer moment \u2192 CTA: 'Link in bio for 20% off!'",
        "inspiration_from": "Viral pattern H1 - Emotional hooks",
        "expected_performance": "3-5x baseline engagement"
      },
      {
        "format_id": "AF2",
        "format_name": "[MOCK] UGC-Style Testimonial",
        "platform": "Instagram/TikTok",
        "duration_seconds": 20,
        "structure": {
          "0-5s": "Authentic unboxing or first impression",
          "5-12s": "Real-time product testing with genuine reaction",
          "12-17s": "Honest pros/cons discussion",
          "17-20s": "Natural recommendation to friend/audience"
        },
        "creative_elements": [
          "Selfie-style handheld camera",
          "Natural lighting (no studio setup)",
          "Casual, conversational tone",
          "Minimal editing - jump cuts only",
          "Real customer or nano-influencer"
        ],
        "script_template": "OPEN: 'Okay so I just got this and...' \u2192 TEST: Actually use product on camera \u2192 REACT: Genuine surprise/delight \u2192 SHARE: 'Honestly didn't expect this but...' \u2192 RECOMMEND: 'Definitely trying again'",
        "inspiration_from": "Viral pattern H2 - UGC style",
        "expected_performance": "2-3x higher trust signals"
      },
      {
        "format_id": "AF3",
        "format_name": "[MOCK] Problem-Solution Story",
        "platform": "Instagram Reels/Stories",
        "duration_seconds": 25,
        "structure": {
          "0-5s": "Establish relatable problem with exaggeration",
          "5-10s": "Show failed attempts or frustration",
          "10-18s": "Introduce solution and demonstrate",
          "18-22s": "Show transformation/results",
          "22-25s": "CTA with limited-time offer"
        },
        "creative_elements": [
          "Split-screen before/after",
          "Expressive facial reactions",
          "Fast-paced transitions",
          "Visual progress indicators",
          "Price/value proposition overlay"
        ],
        "script_template": "PROBLEM: 'Anyone else struggling with [pain]?' \u2192 STRUGGLE: Show multiple failed solutions \u2192 DISCOVERY: 'Until I found this...' \u2192 DEMO: Quick product demonstration \u2192 TRANSFORMATION: 'Now I can finally...' \u2192 OFFER: 'Get yours 30% off'",
        "inspiration_from": "Viral pattern H3 - Problem-solution narrative",
        "expected_performance": "40-60% higher completion rate"
      }
    ],
    "creative_briefs": [
      {
        "brief_id": "CB1",
        "brief_name": "[MOCK] Emotional Hook Campaign",
        "objective": "Drive awareness and consideration through emotional engagement",
        "target_audience": "25-40 year olds, problem-aware, active on social",
        "must_have_elements": [
          "Emotional hook in first 3 seconds",
          "Close-up of human face",
          "Trending audio track",
          "Clear problem-solution narrative",
          "Authentic, non-scripted feel"
        ],
        "avoid_elements": [
          "No corporate branding in first 5 seconds",
          "No stock footage",
          "No overly polished production",
          "No talking heads with scripts",
          "No hard sales language"
        ],
        "kpis": {
          "primary": "Hook rate (3-sec view rate) > 65%",
          "secondary": [
            "Completion rate > 45%",
            "CTA click rate > 5%"
          ]
        },
        "example_script": "HOOK: 'I can't believe I'm about to show you this...' [shocked face close-up] \u2192 'So I've been dealing with [problem] for YEARS' [show frustration] \u2192 'Then my friend sent me this video' [transition] \u2192 'And honestly? Game changer.' [show product] \u2192 'Link in bio if you need this in your life' [genuine smile]"
      }
    ],
    "testing_framework": {
      "phase_1_discovery": "Test 3-5 variations of hook styles with same product",
      "phase_2_validation": "Scale winning hook format across product line",
      "phase_3_optimization": "A/B test CTA placement and audio choices",
      "success_metrics": [
        "Hook rate >60%",
        "Engagement rate >8%",
        "ROAS >3.5x"
      ]
    },
    "_note": "\u26a0\ufe0f THIS IS MOCK DATA - Replace with real Gemini-generated ad formats"
  }
}