id,parsedId,url,username,userId,title,communityName,parsedCommunityName,body,html,link,numberOfComments,flair,upVotes,upVoteRatio,isVideo,isAd,over18,thumbnailUrl,imageUrls,createdAt,scrapedAt,dataType,videoUrl,postId,parentId,category,numberOfreplies
t3_1n5n5ec,1n5n5ec,https://www.reddit.com/r/FairytaleasFuck/comments/1n5n5ec/cats_rule_this_village/,sonderewander,t2_vd0scafj,Cats rule this village,r/FairytaleasFuck,FairytaleasFuck,"Thumbnail: https://b.thumbs.redditmedia.com/GQlci2gIBXjK6b-X9R178hgtU_85MajEddZdY655Zew.jpg
","Thumbnail: https://b.thumbs.redditmedia.com/GQlci2gIBXjK6b-X9R178hgtU_85MajEddZdY655Zew.jpg
",https://www.reddit.com/gallery/1n5n5ec,6.0,Original content ,390,0.99,False,False,False,https://b.thumbs.redditmedia.com/GQlci2gIBXjK6b-X9R178hgtU_85MajEddZdY655Zew.jpg,"['https://i.redd.it/2apv871dpjmf1.jpg', 'https://i.redd.it/d4hkn32dpjmf1.jpg', 'https://i.redd.it/otrln91dpjmf1.jpg', 'https://i.redd.it/rin3r62dpjmf1.jpg', 'https://i.redd.it/0uit1t1dpjmf1.jpg', 'https://i.redd.it/8kvdx80dpjmf1.jpg', 'https://i.redd.it/rcw5uo1dpjmf1.jpg']",2025-09-01T12:18:22.000Z,2025-09-01T18:40:30.670Z,post,,,,,
t3_1n5cfou,1n5cfou,https://www.reddit.com/r/HistoryMemes/comments/1n5cfou/shoutout_cats/,KaneAndShane,t2_1f7o4zxj,Shoutout cats 💯🐈‍⬛,r/HistoryMemes,HistoryMemes,"Images:
	https://external-preview.redd.it/Nmlwdm9zYW5uZ21mMZ5C-aU0PSNAF4lymx091tsULaC72KaUzsnM6iNdGhQr.png?format=pjpg&amp;auto=webp&amp;s=ff73d18947a7ccc7e5416c41425e815e021e524a
","Images:
	https://external-preview.redd.it/Nmlwdm9zYW5uZ21mMZ5C-aU0PSNAF4lymx091tsULaC72KaUzsnM6iNdGhQr.png?format=pjpg&amp;auto=webp&amp;s=ff73d18947a7ccc7e5416c41425e815e021e524a
",https://v.redd.it/sbcblcenngmf1,19.0,,2085,0.99,True,False,False,"https://external-preview.redd.it/Nmlwdm9zYW5uZ21mMZ5C-aU0PSNAF4lymx091tsULaC72KaUzsnM6iNdGhQr.png?width=140&amp;height=135&amp;crop=140:135,smart&amp;format=jpg&amp;v=enabled&amp;lthumb=true&amp;s=603b03abc2d9363ce48e1509f5f69f56a8a86726",['https://external-i.redd.it/Nmlwdm9zYW5uZ21mMZ5C-aU0PSNAF4lymx091tsULaC72KaUzsnM6iNdGhQr.png'],2025-09-01T02:02:27.000Z,2025-09-01T18:40:30.677Z,post,https://v.redd.it/sbcblcenngmf1/DASH_1080.mp4?source=fallback,,,,
t1_nbtq79t,nbtq79t,https://www.reddit.com/r/FairytaleasFuck/comments/1n5n5ec/cats_rule_this_village/nbtq79t/,sonderewander,t2_vd0scafj,,r/FairytaleasFuck,,"Houtong Cat Village, Taiwan. Alas, that day, it was raining cats and dogs, and the village's resident population largely went into hiding to shelter from the rain. Even without the cats, it's a beautiful village with immaculate vibes.","&lt;div class=""md""&gt;&lt;p&gt;Houtong Cat Village, Taiwan. Alas, that day, it was raining cats and dogs, and the village&amp;#39;s resident population largely went into hiding to shelter from the rain. Even without the cats, it&amp;#39;s a beautiful village with immaculate vibes.&lt;/p&gt;
&lt;/div&gt;",,,,22,,,,,,,2025-09-01T12:19:21.000Z,2025-09-01T18:40:30.740Z,comment,,t3_1n5n5ec,t3_1n5n5ec,FairytaleasFuck,1.0
t1_nbrnn2d,nbrnn2d,https://www.reddit.com/r/HistoryMemes/comments/1n5cfou/shoutout_cats/nbrnn2d/,Adept_Temporary8262,t2_18j3t6mj4e,,r/HistoryMemes,,"Now, they no longer serve us. We serve them.","&lt;div class=""md""&gt;&lt;p&gt;Now, they no longer serve us. We serve them.&lt;/p&gt;
&lt;/div&gt;",,,,108,,,,,,,2025-09-01T02:07:41.000Z,2025-09-01T18:40:30.760Z,comment,,t3_1n5cfou,t3_1n5cfou,HistoryMemes,3.0
t1_nbu9m45,nbu9m45,https://www.reddit.com/r/FairytaleasFuck/comments/1n5n5ec/cats_rule_this_village/nbu9m45/,ShadowoftheWild,t2_5xb3uroj,,r/FairytaleasFuck,,I’ve been there before and I enjoyed it a lot! The cats didn’t mind being pet,"&lt;div class=""md""&gt;&lt;p&gt;I’ve been there before and I enjoyed it a lot! The cats didn’t mind being pet&lt;/p&gt;
&lt;/div&gt;",,,,3,,,,,,,2025-09-01T14:13:04.000Z,2025-09-01T18:40:30.740Z,comment,,t3_1n5n5ec,t1_nbtq79t,FairytaleasFuck,0.0
t1_nbrqv0h,nbrqv0h,https://www.reddit.com/r/HistoryMemes/comments/1n5cfou/shoutout_cats/nbrqv0h/,FloridaGatorMan,t2_34y8ayx2,,r/HistoryMemes,,"And there’s still rodents. 

Like a contractor that never finishes the job but also never leaves. And also you clean their poop.

…but also they have furry tums","&lt;div class=""md""&gt;&lt;p&gt;And there’s still rodents. &lt;/p&gt;

&lt;p&gt;Like a contractor that never finishes the job but also never leaves. And also you clean their poop.&lt;/p&gt;

&lt;p&gt;…but also they have furry tums&lt;/p&gt;
&lt;/div&gt;",,,,56,,,,,,,2025-09-01T02:27:37.000Z,2025-09-01T18:40:30.760Z,comment,,t3_1n5cfou,t1_nbrnn2d,HistoryMemes,2.0
t1_nbtupfk,nbtupfk,https://www.reddit.com/r/FairytaleasFuck/comments/1n5n5ec/cats_rule_this_village/nbtupfk/,NlCODRobin,t2_1vvsgsgn4r,,r/FairytaleasFuck,,Looks like a very playful and peaceful place 💕,"&lt;div class=""md""&gt;&lt;p&gt;Looks like a very playful and peaceful place 💕&lt;/p&gt;
&lt;/div&gt;",,,,2,,,,,,,2025-09-01T12:48:30.000Z,2025-09-01T18:40:30.740Z,comment,,t3_1n5n5ec,t3_1n5n5ec,FairytaleasFuck,0.0
t1_nbsoq8p,nbsoq8p,https://www.reddit.com/r/HistoryMemes/comments/1n5cfou/shoutout_cats/nbsoq8p/,Few-Emergency5971,t2_kjursrvh,,r/HistoryMemes,,Iv seen alot of contractors with furry tums to be fair.,"&lt;div class=""md""&gt;&lt;p&gt;Iv seen alot of contractors with furry tums to be fair.&lt;/p&gt;
&lt;/div&gt;",,,,22,,,,,,,2025-09-01T06:48:36.000Z,2025-09-01T18:40:30.760Z,comment,,t3_1n5cfou,t1_nbrqv0h,HistoryMemes,0.0
t1_nbt8h1z,nbt8h1z,https://www.reddit.com/r/HistoryMemes/comments/1n5cfou/shoutout_cats/nbt8h1z/,Pyrhan,t2_ct8vbg,,r/HistoryMemes,,"&gt;…but also they have furry tums


IT'S A TRAP!","&lt;div class=""md""&gt;&lt;blockquote&gt;
&lt;p&gt;…but also they have furry tums&lt;/p&gt;
&lt;/blockquote&gt;

&lt;p&gt;IT&amp;#39;S A TRAP!&lt;/p&gt;
&lt;/div&gt;",,,,3,,,,,,,2025-09-01T09:56:58.000Z,2025-09-01T18:40:30.760Z,comment,,t3_1n5cfou,t1_nbrqv0h,HistoryMemes,0.0
t1_nbv9w4s,nbv9w4s,https://www.reddit.com/r/FairytaleasFuck/comments/1n5n5ec/cats_rule_this_village/nbv9w4s/,headlesssamurai,t2_38gal,,r/FairytaleasFuck,,"Cats rule everything around me, cream get the kitty, paw-ey paw her tail, ya'll","&lt;div class=""md""&gt;&lt;p&gt;Cats rule everything around me, cream get the kitty, paw-ey paw her tail, ya&amp;#39;ll&lt;/p&gt;
&lt;/div&gt;",,,,2,,,,,,,2025-09-01T17:11:21.000Z,2025-09-01T18:40:30.740Z,comment,,t3_1n5n5ec,t3_1n5n5ec,FairytaleasFuck,0.0
t1_nbs112b,nbs112b,https://www.reddit.com/r/HistoryMemes/comments/1n5cfou/shoutout_cats/nbs112b/,GalaxyPowderedCat,t2_17ij9tlu0b,,r/HistoryMemes,,"Yeah, they still do but changed services, my mental health and emotional needs are filled when I see my cat.

I even joke with her, and I call her my personal nurse and therapist.","&lt;div class=""md""&gt;&lt;p&gt;Yeah, they still do but changed services, my mental health and emotional needs are filled when I see my cat.&lt;/p&gt;

&lt;p&gt;I even joke with her, and I call her my personal nurse and therapist.&lt;/p&gt;
&lt;/div&gt;",,,,11,,,,,,,2025-09-01T03:36:02.000Z,2025-09-01T18:40:30.760Z,comment,,t3_1n5cfou,t1_nbrnn2d,HistoryMemes,0.0
t1_nbtqa90,nbtqa90,https://www.reddit.com/r/FairytaleasFuck/comments/1n5n5ec/cats_rule_this_village/nbtqa90/,Illustrious_Test6085,t2_x07cgv57z,,r/FairytaleasFuck,,Name of this village?,"&lt;div class=""md""&gt;&lt;p&gt;Name of this village?&lt;/p&gt;
&lt;/div&gt;",,,,1,,,,,,,2025-09-01T12:19:53.000Z,2025-09-01T18:40:30.740Z,comment,,t3_1n5n5ec,t3_1n5n5ec,FairytaleasFuck,1.0
t1_nbs0gca,nbs0gca,https://www.reddit.com/r/HistoryMemes/comments/1n5cfou/shoutout_cats/nbs0gca/,Soft_Theory_8209,t2_dr7nwhux,,r/HistoryMemes,,Bold of you to assume they ever served us.,"&lt;div class=""md""&gt;&lt;p&gt;Bold of you to assume they ever served us.&lt;/p&gt;
&lt;/div&gt;",,,,5,,,,,,,2025-09-01T03:31:55.000Z,2025-09-01T18:40:30.760Z,comment,,t3_1n5cfou,t1_nbrnn2d,HistoryMemes,0.0
t1_nbtr8fn,nbtr8fn,https://www.reddit.com/r/FairytaleasFuck/comments/1n5n5ec/cats_rule_this_village/nbtr8fn/,sonderewander,t2_vd0scafj,,r/FairytaleasFuck,,"Houtong Cat Village, Taiwan (I've left a comment above)","&lt;div class=""md""&gt;&lt;p&gt;Houtong Cat Village, Taiwan (I&amp;#39;ve left a comment above)&lt;/p&gt;
&lt;/div&gt;",,,,5,,,,,,,2025-09-01T12:26:10.000Z,2025-09-01T18:40:30.740Z,comment,,t3_1n5n5ec,t1_nbtqa90,FairytaleasFuck,0.0
t1_nbrsu85,nbrsu85,https://www.reddit.com/r/HistoryMemes/comments/1n5cfou/shoutout_cats/nbrsu85/,midasMIRV,t2_7sra9,,r/HistoryMemes,,Shelter from the things that hunt them and a source of food/entertainment. What more could an animal ask for?,"&lt;div class=""md""&gt;&lt;p&gt;Shelter from the things that hunt them and a source of food/entertainment. What more could an animal ask for?&lt;/p&gt;
&lt;/div&gt;",,,,39,,,,,,,2025-09-01T02:40:24.000Z,2025-09-01T18:40:30.760Z,comment,,t3_1n5cfou,t3_1n5cfou,HistoryMemes,1.0
t1_nbrx32g,nbrx32g,https://www.reddit.com/r/HistoryMemes/comments/1n5cfou/shoutout_cats/nbrx32g/,KenseiHimura,t2_64yfwqd8,,r/HistoryMemes,,"Even breeding them is kind of a win ""A free mate?! Awesome!""","&lt;div class=""md""&gt;&lt;p&gt;Even breeding them is kind of a win &amp;quot;A free mate?! Awesome!&amp;quot;&lt;/p&gt;
&lt;/div&gt;",,,,16,,,,,,,2025-09-01T03:08:29.000Z,2025-09-01T18:40:30.760Z,comment,,t3_1n5cfou,t1_nbrsu85,HistoryMemes,0.0
t1_nbrqjvn,nbrqjvn,https://www.reddit.com/r/HistoryMemes/comments/1n5cfou/shoutout_cats/nbrqjvn/,EccentricNerd22,t2_mm7u1oja,,r/HistoryMemes,,Funny how so many species of plants and animals have ironically ensured their almost indefinite survival by being useful to humans in some way.,"&lt;div class=""md""&gt;&lt;p&gt;Funny how so many species of plants and animals have ironically ensured their almost indefinite survival by being useful to humans in some way.&lt;/p&gt;
&lt;/div&gt;",,,,54,,,,,,,2025-09-01T02:25:40.000Z,2025-09-01T18:40:30.760Z,comment,,t3_1n5cfou,t3_1n5cfou,HistoryMemes,3.0
t1_nbsf21d,nbsf21d,https://www.reddit.com/r/HistoryMemes/comments/1n5cfou/shoutout_cats/nbsf21d/,GarlicButterChrist,t2_31zx2whu,,r/HistoryMemes,,"My favorite example is peppers that evolved to be spicy and painful to eat (to mammals) and then humans went ""joke's on you, I'm into that shit!"" And then continued to eat and cultivate them anyway. After that we decided to breed them to be even more painful because we're sick masochistic fucks. It's the definition of ""task failed successfully"" for the peppers.","&lt;div class=""md""&gt;&lt;p&gt;My favorite example is peppers that evolved to be spicy and painful to eat (to mammals) and then humans went &amp;quot;joke&amp;#39;s on you, I&amp;#39;m into that shit!&amp;quot; And then continued to eat and cultivate them anyway. After that we decided to breed them to be even more painful because we&amp;#39;re sick masochistic fucks. It&amp;#39;s the definition of &amp;quot;task failed successfully&amp;quot; for the peppers.&lt;/p&gt;
&lt;/div&gt;",,,,27,,,,,,,2025-09-01T05:24:43.000Z,2025-09-01T18:40:30.760Z,comment,,t3_1n5cfou,t1_nbrqjvn,HistoryMemes,2.0
t3_1n5u0p8,1n5u0p8,https://www.reddit.com/r/flonkers/comments/1n5u0p8/my_cats_own_me/,hella-rare,t2_g27l29nbg,my cats own me,r/flonkers,flonkers,"Thumbnail: https://a.thumbs.redditmedia.com/ximTkn2ITP6Md8xYwO_OlvyeYJLxgTtepWqMExq5Vs4.jpg
","Thumbnail: https://a.thumbs.redditmedia.com/ximTkn2ITP6Md8xYwO_OlvyeYJLxgTtepWqMExq5Vs4.jpg
",https://www.reddit.com/gallery/1n5u0p8,2.0,,118,1.0,False,False,False,https://a.thumbs.redditmedia.com/ximTkn2ITP6Md8xYwO_OlvyeYJLxgTtepWqMExq5Vs4.jpg,"['https://i.redd.it/pguypyrj2lmf1.jpg', 'https://i.redd.it/4tubz1sj2lmf1.jpg', 'https://i.redd.it/44zc3zrj2lmf1.jpg']",2025-09-01T16:53:04.000Z,2025-09-01T18:40:33.857Z,post,,,,,
t3_1n45rpt,1n45rpt,https://www.reddit.com/r/mildlyinteresting/comments/1n45rpt/my_moms_cat_has_bicolour_beans/,TheLordJames,t2_xfc3s,My Mom's cat has Bicolour Beans,r/mildlyinteresting,mildlyinteresting,"Images:
	https://preview.redd.it/g8cgpki6n6mf1.png?auto=webp&amp;s=4b7c81d5c5cc5cc1541ebadfc6f91755b9fbb9a6
","Images:
	https://preview.redd.it/g8cgpki6n6mf1.png?auto=webp&amp;s=4b7c81d5c5cc5cc1541ebadfc6f91755b9fbb9a6
",https://i.redd.it/g8cgpki6n6mf1.png,3.0,,34,0.91,False,False,False,https://b.thumbs.redditmedia.com/E74hGpy2IrMsRK2Cv4ROtu0bzyukOddukkZrCP95jac.jpg,['https://i.redd.it/g8cgpki6n6mf1.png'],2025-08-30T16:21:55.000Z,2025-09-01T18:40:33.937Z,post,,,,,
t1_nbiir4p,nbiir4p,https://www.reddit.com/r/mildlyinteresting/comments/1n45rpt/my_moms_cat_has_bicolour_beans/nbiir4p/,Pielacine,t2_o8huc3cx9,,r/mildlyinteresting,,Sorry this means the car is homophobic,"&lt;div class=""md""&gt;&lt;p&gt;Sorry this means the car is homophobic&lt;/p&gt;
&lt;/div&gt;",,,,2,,,,,,,2025-08-30T16:24:07.000Z,2025-09-01T18:40:33.977Z,comment,,t3_1n45rpt,t3_1n45rpt,mildlyinteresting,0.0
t1_nbvd87g,nbvd87g,https://www.reddit.com/r/flonkers/comments/1n5u0p8/my_cats_own_me/nbvd87g/,hella-rare,t2_g27l29nbg,,r/flonkers,,"They’re both furniture demolishers. She’s my original Dolores. 

He’s adopted with abandonment issues (sprayer). Stares at me all night and holds my hand, he’s a keeper. They both are (of course) 💕😭💕","&lt;div class=""md""&gt;&lt;p&gt;They’re both furniture demolishers. She’s my original Dolores. &lt;/p&gt;

&lt;p&gt;He’s adopted with abandonment issues (sprayer). Stares at me all night and holds my hand, he’s a keeper. They both are (of course) 💕😭💕&lt;/p&gt;
&lt;/div&gt;",,,,2,,,,,,,2025-09-01T17:27:19.000Z,2025-09-01T18:40:33.984Z,comment,,t3_1n5u0p8,t3_1n5u0p8,flonkers,0.0
t1_nbiiszi,nbiiszi,https://www.reddit.com/r/mildlyinteresting/comments/1n45rpt/my_moms_cat_has_bicolour_beans/nbiiszi/,AdeptnessCritical356,t2_9nyczhs8d,,r/mildlyinteresting,,"Split beans, split personality. this cat’s got flavor.","&lt;div class=""md""&gt;&lt;p&gt;Split beans, split personality. this cat’s got flavor.&lt;/p&gt;
&lt;/div&gt;",,,,2,,,,,,,2025-08-30T16:24:22.000Z,2025-09-01T18:40:33.977Z,comment,,t3_1n45rpt,t3_1n45rpt,mildlyinteresting,0.0
t1_nbvqbe9,nbvqbe9,https://www.reddit.com/r/flonkers/comments/1n5u0p8/my_cats_own_me/nbvqbe9/,rushbc,t2_6ztqjd6h,,r/flonkers,,I love them! 😍,"&lt;div class=""md""&gt;&lt;p&gt;I love them! 😍&lt;/p&gt;
&lt;/div&gt;",,,,1,,,,,,,2025-09-01T18:30:11.000Z,2025-09-01T18:40:33.984Z,comment,,t3_1n5u0p8,t3_1n5u0p8,flonkers,0.0
t1_nbjcoy4,nbjcoy4,https://www.reddit.com/r/mildlyinteresting/comments/1n45rpt/my_moms_cat_has_bicolour_beans/nbjcoy4/,Weak-Guide-3028,t2_o2qftq9o,,r/mildlyinteresting,,My tuxy has multi color beans like that,"&lt;div class=""md""&gt;&lt;p&gt;My tuxy has multi color beans like that&lt;/p&gt;
&lt;/div&gt;",,,,2,,,,,,,2025-08-30T18:53:54.000Z,2025-09-01T18:40:33.977Z,comment,,t3_1n45rpt,t3_1n45rpt,mildlyinteresting,0.0
t3_1n5m1rn,1n5m1rn,https://www.reddit.com/r/cutecats/comments/1n5m1rn/new_pet_cat_mom_activated/,MistressMonaee,t2_s2ashj6y,NEW PET! Cat Mom ACTIVATED!,r/cutecats,cutecats,"Hiiii guys! IT FINALLY HAPPENED! I rescued this gorgeous girly here from the corner store in my area! She’s HELLA scared, and has been crying NON STOP! I have given her food, I currently do not have the funds for milk, BUT it’s a work in progress. 

What is something I can do to gain her trust? So she isn’t up all night, crying. It makes me sad hearing her cry. I let her sleep in my room, run around freely with my door closed. 

She’s eating the can food I was able to get, so I hope that’s a start. Any tips? I’m super excited about this! ","&lt;!-- SC_OFF --&gt;&lt;div class=""md""&gt;&lt;p&gt;Hiiii guys! IT FINALLY HAPPENED! I rescued this gorgeous girly here from the corner store in my area! She’s HELLA scared, and has been crying NON STOP! I have given her food, I currently do not have the funds for milk, BUT it’s a work in progress. &lt;/p&gt;

&lt;p&gt;What is something I can do to gain her trust? So she isn’t up all night, crying. It makes me sad hearing her cry. I let her sleep in my room, run around freely with my door closed. &lt;/p&gt;

&lt;p&gt;She’s eating the can food I was able to get, so I hope that’s a start. Any tips? I’m super excited about this! &lt;/p&gt;
&lt;/div&gt;&lt;!-- SC_ON --&gt;",https://v.redd.it/j6jiyt89fjmf1,3.0,,23,1.0,True,False,False,"https://external-preview.redd.it/aDJ5Y2JsNTlmam1mMc12dTDCHInl23Bkc94iWaboPxbADsm9yVLuYuZshf7T.png?width=140&amp;height=140&amp;crop=140:140,smart&amp;format=jpg&amp;v=enabled&amp;lthumb=true&amp;s=29fb79ccc1a923512d128bb93fb77a29568b45ec",['https://external-i.redd.it/aDJ5Y2JsNTlmam1mMc12dTDCHInl23Bkc94iWaboPxbADsm9yVLuYuZshf7T.png'],2025-09-01T11:20:40.000Z,2025-09-01T18:40:35.940Z,post,https://v.redd.it/j6jiyt89fjmf1/DASH_720.mp4?source=fallback,,,,
t1_nbu9ehr,nbu9ehr,https://www.reddit.com/r/cutecats/comments/1n5m1rn/new_pet_cat_mom_activated/nbu9ehr/,Calmcurlyhair,t2_1vq4kkv45g,,r/cutecats,,"such a sweetie, it's hard to tell you, it depends on the cat","&lt;div class=""md""&gt;&lt;p&gt;such a sweetie, it&amp;#39;s hard to tell you, it depends on the cat&lt;/p&gt;
&lt;/div&gt;",,,,2,,,,,,,2025-09-01T14:11:56.000Z,2025-09-01T18:40:35.986Z,comment,,t3_1n5m1rn,t3_1n5m1rn,cutecats,1.0
t1_nbu9j78,nbu9j78,https://www.reddit.com/r/cutecats/comments/1n5m1rn/new_pet_cat_mom_activated/nbu9j78/,MistressMonaee,t2_s2ashj6y,,r/cutecats,,"Honestly, I don’t even know what kind of kitty this is. But so far, we’re getting acquainted","&lt;div class=""md""&gt;&lt;p&gt;Honestly, I don’t even know what kind of kitty this is. But so far, we’re getting acquainted&lt;/p&gt;
&lt;/div&gt;",,,,1,,,,,,,2025-09-01T14:12:38.000Z,2025-09-01T18:40:35.986Z,comment,,t3_1n5m1rn,t1_nbu9ehr,cutecats,0.0
t1_nbui392,nbui392,https://www.reddit.com/r/cutecats/comments/1n5m1rn/new_pet_cat_mom_activated/nbui392/,Quielixir,t2_njnq2qb4,,r/cutecats,,"Changing from outdoor cat to indoor is a step. It will take time. Give her as much toy as you can provide. In the end, she will settle. My 16yo used to be outdoor. Now, he is just passionnate with storms and run to the balcony","&lt;div class=""md""&gt;&lt;p&gt;Changing from outdoor cat to indoor is a step. It will take time. Give her as much toy as you can provide. In the end, she will settle. My 16yo used to be outdoor. Now, he is just passionnate with storms and run to the balcony&lt;/p&gt;
&lt;/div&gt;",,,,1,,,,,,,2025-09-01T14:55:49.000Z,2025-09-01T18:40:35.986Z,comment,,t3_1n5m1rn,t3_1n5m1rn,cutecats,0.0
t3_1n54ivc,1n54ivc,https://www.reddit.com/r/cats/comments/1n54ivc/teen_cat_mom_advice/,Dustytail_studios98,t2_40x4zbrqw,Teen cat mom advice,r/cats,cats,"So for context, I am going to adopt a cat my professor found on college grounds sometime in October. She was found with 4 newborn kittens. I plan on adopting her when her kittens are old enough to be adopted, so in about 6-8 weeks. Her planned name is Margalo

My professor just took her to the vet, but the vet was unable to determine her age. They said she isnt an adult, so shes anywhere from a few months old to 2 years. 

My questions are if I should be prepared for behavioral changes on her. Or if anyone else is better at judging cat sizes, help me figure out roughly her age? Her kittens have barely opened their eyes yet ","&lt;!-- SC_OFF --&gt;&lt;div class=""md""&gt;&lt;p&gt;So for context, I am going to adopt a cat my professor found on college grounds sometime in October. She was found with 4 newborn kittens. I plan on adopting her when her kittens are old enough to be adopted, so in about 6-8 weeks. Her planned name is Margalo&lt;/p&gt;

&lt;p&gt;My professor just took her to the vet, but the vet was unable to determine her age. They said she isnt an adult, so shes anywhere from a few months old to 2 years. &lt;/p&gt;

&lt;p&gt;My questions are if I should be prepared for behavioral changes on her. Or if anyone else is better at judging cat sizes, help me figure out roughly her age? Her kittens have barely opened their eyes yet &lt;/p&gt;
&lt;/div&gt;&lt;!-- SC_ON --&gt;",https://i.redd.it/itwepescuemf1.jpeg,9.0,Advice,21,0.97,False,False,False,https://b.thumbs.redditmedia.com/m9chnFUK0PirNHpkiqoqc3tsf8baKaPKvar0eh0CJDM.jpg,['https://i.redd.it/itwepescuemf1.jpeg'],2025-08-31T20:02:09.000Z,2025-09-01T18:40:38.963Z,post,,,,,
t1_nbq19yy,nbq19yy,https://www.reddit.com/r/cats/comments/1n54ivc/teen_cat_mom_advice/nbq19yy/,DeweyBean4,t2_sc5mhcd8,,r/cats,,"I took in a feral mama and her two kittens (they were a little older than these). Mama did have some behavioral changes and continues to - we’ve had her for over 2 years now. Our vets best guess was than she was around 2 years old when we found her but she could’ve been younger. Are you going to foster her throughout this period of time until you adopt? That’s the best way to gain her trust while she changes. As she weans the kittens her behavior will change and as she learns that humans/house life is safe her behavior will change.

My girl has hit us many, many times and she hits HARD. She couldn’t handle being picked up (she still hates it but tolerates) which made vet visits difficult for the first year. She got very sick after her spay appointment and medicating her was one of the most difficult things I’ve had to deal with. As her milk dried up she became very aggressive, probably because her boobies hurt. This was also when she was about to go into heat (we spayed her while she was in heat) so she became aggressive toward her kittens. She stole many food items off our plates and it’s still a work in progress to keep her away while me and my husband are eating but she’s much better than before. It took a full two years for her to start snuggle with us in the bed and now she never leaves it… she’s lying by my pillow right now waiting for me to come snuggle her.

Give her lots of time and be patient with her and her behavior. Life on the streets to life inside is a hard transition for any animal, but especially a momma cat. We didn’t think we were the right household for our girl as we already had multiple cats and she seemed like a single cat kind of cat, but she’s come around and tolerates the others and really loves her life now.

Here’s a pic of Willow from when we took her and the kids in. We kept all 3 of them - we knew we’d keep her and then we foster failed on the kiddos.

Good luck to you and miss kitty 🖤

https://preview.redd.it/v4s4nwlizemf1.jpeg?width=4032&amp;format=pjpg&amp;auto=webp&amp;s=e13f1d03ba3ccf587587f1a459598c2b2e4dd2a4","&lt;div class=""md""&gt;&lt;p&gt;I took in a feral mama and her two kittens (they were a little older than these). Mama did have some behavioral changes and continues to - we’ve had her for over 2 years now. Our vets best guess was than she was around 2 years old when we found her but she could’ve been younger. Are you going to foster her throughout this period of time until you adopt? That’s the best way to gain her trust while she changes. As she weans the kittens her behavior will change and as she learns that humans/house life is safe her behavior will change.&lt;/p&gt;

&lt;p&gt;My girl has hit us many, many times and she hits HARD. She couldn’t handle being picked up (she still hates it but tolerates) which made vet visits difficult for the first year. She got very sick after her spay appointment and medicating her was one of the most difficult things I’ve had to deal with. As her milk dried up she became very aggressive, probably because her boobies hurt. This was also when she was about to go into heat (we spayed her while she was in heat) so she became aggressive toward her kittens. She stole many food items off our plates and it’s still a work in progress to keep her away while me and my husband are eating but she’s much better than before. It took a full two years for her to start snuggle with us in the bed and now she never leaves it… she’s lying by my pillow right now waiting for me to come snuggle her.&lt;/p&gt;

&lt;p&gt;Give her lots of time and be patient with her and her behavior. Life on the streets to life inside is a hard transition for any animal, but especially a momma cat. We didn’t think we were the right household for our girl as we already had multiple cats and she seemed like a single cat kind of cat, but she’s come around and tolerates the others and really loves her life now.&lt;/p&gt;

&lt;p&gt;Here’s a pic of Willow from when we took her and the kids in. We kept all 3 of them - we knew we’d keep her and then we foster failed on the kiddos.&lt;/p&gt;

&lt;p&gt;Good luck to you and miss kitty 🖤&lt;/p&gt;

&lt;p&gt;&lt;a href=""https://preview.redd.it/v4s4nwlizemf1.jpeg?width=4032&amp;amp;format=pjpg&amp;amp;auto=webp&amp;amp;s=e13f1d03ba3ccf587587f1a459598c2b2e4dd2a4""&gt;https://preview.redd.it/v4s4nwlizemf1.jpeg?width=4032&amp;amp;format=pjpg&amp;amp;auto=webp&amp;amp;s=e13f1d03ba3ccf587587f1a459598c2b2e4dd2a4&lt;/a&gt;&lt;/p&gt;
&lt;/div&gt;",,,,2,,,,,,,2025-08-31T20:25:55.000Z,2025-09-01T18:40:39.084Z,comment,,t3_1n54ivc,t3_1n54ivc,cats,1.0
t1_nbq3f28,nbq3f28,https://www.reddit.com/r/cats/comments/1n54ivc/teen_cat_mom_advice/nbq3f28/,Dustytail_studios98,t2_40x4zbrqw,,r/cats,,"Its my professor who's fostering her right now until thr kittens can be put up for adoption. Until then, she said she is a bit shy but very affectionate. Coming to her for pets, purring loudly with her when shes near her kittens, and taking tube treats directly from her hand. She seemed to allow touch at least bur I didn't know if being a young mother will affect her behavior when dhe is separated from her kittens considering how young she is ","&lt;div class=""md""&gt;&lt;p&gt;Its my professor who&amp;#39;s fostering her right now until thr kittens can be put up for adoption. Until then, she said she is a bit shy but very affectionate. Coming to her for pets, purring loudly with her when shes near her kittens, and taking tube treats directly from her hand. She seemed to allow touch at least bur I didn&amp;#39;t know if being a young mother will affect her behavior when dhe is separated from her kittens considering how young she is &lt;/p&gt;
&lt;/div&gt;",,,,1,,,,,,,2025-08-31T20:36:42.000Z,2025-09-01T18:40:39.084Z,comment,,t3_1n54ivc,t1_nbq19yy,cats,0.0
t3_1n5kund,1n5kund,https://www.reddit.com/r/ftm/comments/1n5kund/ive_seen_posts_of_peoples_cats_not_recognizing/,Independent-Wing-224,t2_in9k19t7,Ive seen posts of people's cats not recognizing them after transitioning but my cats recognize me,r/ftm,ftm,So hi I started testosterone 5 months ago and despite that's my cats recognize me. Even with all my new hairstyles. I saw some people saying there cats don't recognize them. Maybe it's because I'm not going to college/university right now (because in my country right now it's either army or community service and I'm doing none just working. At my age 20 some people would still be in the army or ending there time there) so I'm always home with my cats maybe that's why? I'm very grateful for it. My cat who's like my daughter always recognised me even when I started transitioning because she saw me with long hair to short hair to new piercings to more hairstyles and now my tattoo. My second cat saw half of that. So I'm really grateful they recognize me. I'm surprised my daughter still recognizes me maybe I really am her human. I love them a lot. Is there anyone who's cats do recognize them? After transitioning or during transitioning? ,"&lt;!-- SC_OFF --&gt;&lt;div class=""md""&gt;&lt;p&gt;So hi I started testosterone 5 months ago and despite that&amp;#39;s my cats recognize me. Even with all my new hairstyles. I saw some people saying there cats don&amp;#39;t recognize them. Maybe it&amp;#39;s because I&amp;#39;m not going to college/university right now (because in my country right now it&amp;#39;s either army or community service and I&amp;#39;m doing none just working. At my age 20 some people would still be in the army or ending there time there) so I&amp;#39;m always home with my cats maybe that&amp;#39;s why? I&amp;#39;m very grateful for it. My cat who&amp;#39;s like my daughter always recognised me even when I started transitioning because she saw me with long hair to short hair to new piercings to more hairstyles and now my tattoo. My second cat saw half of that. So I&amp;#39;m really grateful they recognize me. I&amp;#39;m surprised my daughter still recognizes me maybe I really am her human. I love them a lot. Is there anyone who&amp;#39;s cats do recognize them? After transitioning or during transitioning? &lt;/p&gt;
&lt;/div&gt;&lt;!-- SC_ON --&gt;",https://www.reddit.com/r/ftm/comments/1n5kund/ive_seen_posts_of_peoples_cats_not_recognizing/,14.0,Discussion,47,0.97,False,False,False,self,[],2025-09-01T10:11:12.000Z,2025-09-01T18:40:39.542Z,post,,,,,
t1_nbq1x6i,nbq1x6i,https://www.reddit.com/r/cats/comments/1n54ivc/teen_cat_mom_advice/nbq1x6i/,sarcasmismygame,t2_96z01a0r,,r/cats,,"My rescue kitty was a teen mom to two litters.  I found out they can go in to heat at four months and our rescue showed up on my neighbor's doorstep with her first litter and she was around six months old due to her size.  We caught her and brought her and the kittens to a vet the second time she got pregnant (she kept running away when we'd try to catch her and the first litter of kittens) and he said she was maybe 9-10 months old due to her size and teeth.  Given this girl's size I'd say she's maybe seven months. 

As for behavioral changes our adopted girl completely relaxed and opened up once she wasn't having to be on guard for her kittens.  She never played or was affectionate to us before then, she was always focused on them like a good mama would be.  She called for her kittens for two days, realized she was now a single child and went bouncing around the house and purring in our ears.  We did have to put up with a year or two of her waking us up in the middle of the night for pets, purrs and belly rubs.  She still does that but usually later than the 3 am love fest she started out doing. 

Good luck and thank you for adopting this lovely girl and getting her fixed. And tell your Professor thank you for helping her and the babies out!","&lt;div class=""md""&gt;&lt;p&gt;My rescue kitty was a teen mom to two litters.  I found out they can go in to heat at four months and our rescue showed up on my neighbor&amp;#39;s doorstep with her first litter and she was around six months old due to her size.  We caught her and brought her and the kittens to a vet the second time she got pregnant (she kept running away when we&amp;#39;d try to catch her and the first litter of kittens) and he said she was maybe 9-10 months old due to her size and teeth.  Given this girl&amp;#39;s size I&amp;#39;d say she&amp;#39;s maybe seven months. &lt;/p&gt;

&lt;p&gt;As for behavioral changes our adopted girl completely relaxed and opened up once she wasn&amp;#39;t having to be on guard for her kittens.  She never played or was affectionate to us before then, she was always focused on them like a good mama would be.  She called for her kittens for two days, realized she was now a single child and went bouncing around the house and purring in our ears.  We did have to put up with a year or two of her waking us up in the middle of the night for pets, purrs and belly rubs.  She still does that but usually later than the 3 am love fest she started out doing. &lt;/p&gt;

&lt;p&gt;Good luck and thank you for adopting this lovely girl and getting her fixed. And tell your Professor thank you for helping her and the babies out!&lt;/p&gt;
&lt;/div&gt;",,,,2,,,,,,,2025-08-31T20:29:10.000Z,2025-09-01T18:40:39.084Z,comment,,t3_1n54ivc,t3_1n54ivc,cats,0.0
t1_nbta08q,nbta08q,https://www.reddit.com/r/ftm/comments/1n5kund/ive_seen_posts_of_peoples_cats_not_recognizing/nbta08q/,AutoModerator,t2_6l4z3,,r/ftm,,"Hello! Thank you for participating in the sub. We just have a few reminders for you to help ensure the best experience:

1. If your post doesn't show up right away, don't panic! It is in the queue for manual approval. **Mods will go through the queue periodically to approve or remove posts.** Deleted posts will have a removal reason applied.

2. If you are asking a question that is location specific, **remember to include your location in your post body!** This can help ensure that you get accurate information tailored specifically to your needs.

3. **Please remember to read through all the rules in the sidebar.**  Especially the list of banned topics and guidelines for posting. Guests who do not use the Guest Post flair will have their post removed and be asked to fix it. 

4. If you see someone breaking the rules,report it! If someone is breaking both sub and reddit rules, please submit one report to admins by selecting a broken rule on the main report popup, and one report to the r/ftm mods by selecting the ""breaks r/ftm rules"" option. This ensures both mods and admins can take action on a subreddit and sitewide level.  **Do not misuse the report button to rant about someone, submit false reports, or argue a removal.**

5. If you have any questions that you can't find the answer to on the rules sidebar or the wiki: [the wiki](https://www.reddit.com/r/ftm/wiki/index/) , you can send a modmail.

Related subs: r/ftmventing , r/TMPOC , r/nonbinary , r/trans4every1 , r/lgbt , r/ftmmen , r/FTMen , r/seahorse_dads ,  r/ftmfemininity , r/transmanlifehacks , r/ftmfitness , r/trans_zebras , r/ftmover30 , r/transgamers , r/gaytransguys , r/straighttransguys , r/transandsober , r/transgenderjews ,  and more can be found in the wiki!

*I am a bot, and this action was performed automatically. Please [contact the moderators of this subreddit](/message/compose/?to=/r/ftm) if you have any questions or concerns.*","&lt;div class=""md""&gt;&lt;p&gt;Hello! Thank you for participating in the sub. We just have a few reminders for you to help ensure the best experience:&lt;/p&gt;

&lt;ol&gt;
&lt;li&gt;&lt;p&gt;If your post doesn&amp;#39;t show up right away, don&amp;#39;t panic! It is in the queue for manual approval. &lt;strong&gt;Mods will go through the queue periodically to approve or remove posts.&lt;/strong&gt; Deleted posts will have a removal reason applied.&lt;/p&gt;&lt;/li&gt;
&lt;li&gt;&lt;p&gt;If you are asking a question that is location specific, &lt;strong&gt;remember to include your location in your post body!&lt;/strong&gt; This can help ensure that you get accurate information tailored specifically to your needs.&lt;/p&gt;&lt;/li&gt;
&lt;li&gt;&lt;p&gt;&lt;strong&gt;Please remember to read through all the rules in the sidebar.&lt;/strong&gt;  Especially the list of banned topics and guidelines for posting. Guests who do not use the Guest Post flair will have their post removed and be asked to fix it. &lt;/p&gt;&lt;/li&gt;
&lt;li&gt;&lt;p&gt;If you see someone breaking the rules,report it! If someone is breaking both sub and reddit rules, please submit one report to admins by selecting a broken rule on the main report popup, and one report to the &lt;a href=""/r/ftm""&gt;r/ftm&lt;/a&gt; mods by selecting the &amp;quot;breaks &lt;a href=""/r/ftm""&gt;r/ftm&lt;/a&gt; rules&amp;quot; option. This ensures both mods and admins can take action on a subreddit and sitewide level.  &lt;strong&gt;Do not misuse the report button to rant about someone, submit false reports, or argue a removal.&lt;/strong&gt;&lt;/p&gt;&lt;/li&gt;
&lt;li&gt;&lt;p&gt;If you have any questions that you can&amp;#39;t find the answer to on the rules sidebar or the wiki: &lt;a href=""https://www.reddit.com/r/ftm/wiki/index/""&gt;the wiki&lt;/a&gt; , you can send a modmail.&lt;/p&gt;&lt;/li&gt;
&lt;/ol&gt;

&lt;p&gt;Related subs: &lt;a href=""/r/ftmventing""&gt;r/ftmventing&lt;/a&gt; , &lt;a href=""/r/TMPOC""&gt;r/TMPOC&lt;/a&gt; , &lt;a href=""/r/nonbinary""&gt;r/nonbinary&lt;/a&gt; , &lt;a href=""/r/trans4every1""&gt;r/trans4every1&lt;/a&gt; , &lt;a href=""/r/lgbt""&gt;r/lgbt&lt;/a&gt; , &lt;a href=""/r/ftmmen""&gt;r/ftmmen&lt;/a&gt; , &lt;a href=""/r/FTMen""&gt;r/FTMen&lt;/a&gt; , &lt;a href=""/r/seahorse_dads""&gt;r/seahorse_dads&lt;/a&gt; ,  &lt;a href=""/r/ftmfemininity""&gt;r/ftmfemininity&lt;/a&gt; , &lt;a href=""/r/transmanlifehacks""&gt;r/transmanlifehacks&lt;/a&gt; , &lt;a href=""/r/ftmfitness""&gt;r/ftmfitness&lt;/a&gt; , &lt;a href=""/r/trans_zebras""&gt;r/trans_zebras&lt;/a&gt; , &lt;a href=""/r/ftmover30""&gt;r/ftmover30&lt;/a&gt; , &lt;a href=""/r/transgamers""&gt;r/transgamers&lt;/a&gt; , &lt;a href=""/r/gaytransguys""&gt;r/gaytransguys&lt;/a&gt; , &lt;a href=""/r/straighttransguys""&gt;r/straighttransguys&lt;/a&gt; , &lt;a href=""/r/transandsober""&gt;r/transandsober&lt;/a&gt; , &lt;a href=""/r/transgenderjews""&gt;r/transgenderjews&lt;/a&gt; ,  and more can be found in the wiki!&lt;/p&gt;

&lt;p&gt;&lt;em&gt;I am a bot, and this action was performed automatically. Please &lt;a href=""/message/compose/?to=/r/ftm""&gt;contact the moderators of this subreddit&lt;/a&gt; if you have any questions or concerns.&lt;/em&gt;&lt;/p&gt;
&lt;/div&gt;",,,,1,,,,,,,2025-09-01T10:11:13.000Z,2025-09-01T18:40:39.644Z,comment,,t3_1n5kund,t3_1n5kund,ftm,0.0
t1_nbtasts,nbtasts,https://www.reddit.com/r/ftm/comments/1n5kund/ive_seen_posts_of_peoples_cats_not_recognizing/nbtasts/,Embarrassed_Leek318,t2_1vzedp2ck2,,r/ftm,,"It's way more common for your pets to recognize you than to not recognize you, imo. Unless you leave for a year or more, and they get dementia, I don't see how it would be possible for them to forget who you are. Yes, your scent changes according to the sex hormones, but that doesn't mean it changes completely and you become unrecognizable.","&lt;div class=""md""&gt;&lt;p&gt;It&amp;#39;s way more common for your pets to recognize you than to not recognize you, imo. Unless you leave for a year or more, and they get dementia, I don&amp;#39;t see how it would be possible for them to forget who you are. Yes, your scent changes according to the sex hormones, but that doesn&amp;#39;t mean it changes completely and you become unrecognizable.&lt;/p&gt;
&lt;/div&gt;",,,,1,,,,,,,2025-09-01T10:18:30.000Z,2025-09-01T18:40:39.644Z,comment,,t3_1n5kund,t3_1n5kund,ftm,1.0
t1_nbqxxp9,nbqxxp9,https://www.reddit.com/r/cats/comments/1n54ivc/teen_cat_mom_advice/nbqxxp9/,neens2662,t2_qmz7ga141,,r/cats,,"I adopted a mama cat all her kittens were gone and she’s the sweetest girl ever, also a tortie!

she’s not the first mama cat i’ve had, in my experience they are normally very sweet and loving after having kittens, normally they come out of their shell a bit more too. that mom-bod never goes away though, she was 3 years old when I got her and had multiple litters which could be why, since your future kitty is still young she might grow out of her mom-bod.

pic of my kiwi to show how sweetie she is:

https://preview.redd.it/52ws30wewfmf1.jpeg?width=1536&amp;format=pjpg&amp;auto=webp&amp;s=0de48b44638b8d189daac54853aef4dac536b4ae","&lt;div class=""md""&gt;&lt;p&gt;I adopted a mama cat all her kittens were gone and she’s the sweetest girl ever, also a tortie!&lt;/p&gt;

&lt;p&gt;she’s not the first mama cat i’ve had, in my experience they are normally very sweet and loving after having kittens, normally they come out of their shell a bit more too. that mom-bod never goes away though, she was 3 years old when I got her and had multiple litters which could be why, since your future kitty is still young she might grow out of her mom-bod.&lt;/p&gt;

&lt;p&gt;pic of my kiwi to show how sweetie she is:&lt;/p&gt;

&lt;p&gt;&lt;a href=""https://preview.redd.it/52ws30wewfmf1.jpeg?width=1536&amp;amp;format=pjpg&amp;amp;auto=webp&amp;amp;s=0de48b44638b8d189daac54853aef4dac536b4ae""&gt;https://preview.redd.it/52ws30wewfmf1.jpeg?width=1536&amp;amp;format=pjpg&amp;amp;auto=webp&amp;amp;s=0de48b44638b8d189daac54853aef4dac536b4ae&lt;/a&gt;&lt;/p&gt;
&lt;/div&gt;",,,,1,,,,,,,2025-08-31T23:29:08.000Z,2025-09-01T18:40:39.084Z,comment,,t3_1n54ivc,t3_1n54ivc,cats,0.0
t1_nbpzapz,nbpzapz,https://www.reddit.com/r/cats/comments/1n54ivc/teen_cat_mom_advice/nbpzapz/,One_Resolution_8357,t2_z4p138ocr,,r/cats,,October ? this was posted in August.,"&lt;div class=""md""&gt;&lt;p&gt;October ? this was posted in August.&lt;/p&gt;
&lt;/div&gt;",,,,0,,,,,,,2025-08-31T20:15:44.000Z,2025-09-01T18:40:39.084Z,comment,,t3_1n54ivc,t3_1n54ivc,cats,1.0
t1_nbtblb4,nbtblb4,https://www.reddit.com/r/ftm/comments/1n5kund/ive_seen_posts_of_peoples_cats_not_recognizing/nbtblb4/,Independent-Wing-224,t2_in9k19t7,,r/ftm,,Ohh okay just I didn't want to like brag or something it was just something I was really curious about.,"&lt;div class=""md""&gt;&lt;p&gt;Ohh okay just I didn&amp;#39;t want to like brag or something it was just something I was really curious about.&lt;/p&gt;
&lt;/div&gt;",,,,1,,,,,,,2025-09-01T10:25:47.000Z,2025-09-01T18:40:39.644Z,comment,,t3_1n5kund,t1_nbtasts,ftm,2.0
t3_1n5co1p,1n5co1p,https://www.reddit.com/r/cats/comments/1n5co1p/your_cats_are_not_your_children/,Used-Video8052,t2_vin67zoa,Your cats are not your children.,r/cats,cats,Me: oh yeah? Then explain this. ,"&lt;!-- SC_OFF --&gt;&lt;div class=""md""&gt;&lt;p&gt;Me: oh yeah? Then explain this. &lt;/p&gt;
&lt;/div&gt;&lt;!-- SC_ON --&gt;",https://i.redd.it/z420irpqpgmf1.jpeg,300.0,Humor,7633,0.96,False,False,False,https://b.thumbs.redditmedia.com/bkXztFSyb4OqFdMeXoPFh5lMhQfSusaLpPbBjRSKV-U.jpg,['https://i.redd.it/z420irpqpgmf1.jpeg'],2025-09-01T02:14:05.000Z,2025-09-01T18:40:39.941Z,post,,,,,
t1_nbtdces,nbtdces,https://www.reddit.com/r/ftm/comments/1n5kund/ive_seen_posts_of_peoples_cats_not_recognizing/nbtdces/,Embarrassed_Leek318,t2_1vzedp2ck2,,r/ftm,,"It didn't sound like you're bragging, don't worry, I think it's helpful to share your experience, and it's great that you have such a lovely relationship with your cats.","&lt;div class=""md""&gt;&lt;p&gt;It didn&amp;#39;t sound like you&amp;#39;re bragging, don&amp;#39;t worry, I think it&amp;#39;s helpful to share your experience, and it&amp;#39;s great that you have such a lovely relationship with your cats.&lt;/p&gt;
&lt;/div&gt;",,,,1,,,,,,,2025-09-01T10:41:28.000Z,2025-09-01T18:40:39.644Z,comment,,t3_1n5kund,t1_nbtblb4,ftm,0.0
t1_nbq00lc,nbq00lc,https://www.reddit.com/r/cats/comments/1n54ivc/teen_cat_mom_advice/nbq00lc/,Dustytail_studios98,t2_40x4zbrqw,,r/cats,,"Her kittens are currently 1-2 weeks old night now, and they wont be eligible for adoption until theyre 8-10 weeks. So it'll be middle to late October before I officially adopt her","&lt;div class=""md""&gt;&lt;p&gt;Her kittens are currently 1-2 weeks old night now, and they wont be eligible for adoption until theyre 8-10 weeks. So it&amp;#39;ll be middle to late October before I officially adopt her&lt;/p&gt;
&lt;/div&gt;",,,,2,,,,,,,2025-08-31T20:19:28.000Z,2025-09-01T18:40:39.084Z,comment,,t3_1n54ivc,t1_nbpzapz,cats,1.0
t1_nbu9e1n,nbu9e1n,https://www.reddit.com/r/ftm/comments/1n5kund/ive_seen_posts_of_peoples_cats_not_recognizing/nbu9e1n/,CockamouseGoesWee,t2_1582cx6o19,,r/ftm,,On the internet it's very easy to locate pockets of zebras and then begin to wonder if zebras are more common than horses. But they are still the severe outliers even if you found a herd,"&lt;div class=""md""&gt;&lt;p&gt;On the internet it&amp;#39;s very easy to locate pockets of zebras and then begin to wonder if zebras are more common than horses. But they are still the severe outliers even if you found a herd&lt;/p&gt;
&lt;/div&gt;",,,,1,,,,,,,2025-09-01T14:11:52.000Z,2025-09-01T18:40:39.644Z,comment,,t3_1n5kund,t1_nbtblb4,ftm,0.0
t1_nbrykkb,nbrykkb,https://www.reddit.com/r/cats/comments/1n5co1p/your_cats_are_not_your_children/nbrykkb/,ServinR,t2_112wsp,,r/cats,,https://preview.redd.it/sd9sgwe81hmf1.jpeg?width=1242&amp;format=pjpg&amp;auto=webp&amp;s=6efb2ad3f7141802ea077c0ce094dd33260b0bd1,"&lt;div class=""md""&gt;&lt;p&gt;&lt;a href=""https://preview.redd.it/sd9sgwe81hmf1.jpeg?width=1242&amp;amp;format=pjpg&amp;amp;auto=webp&amp;amp;s=6efb2ad3f7141802ea077c0ce094dd33260b0bd1""&gt;https://preview.redd.it/sd9sgwe81hmf1.jpeg?width=1242&amp;amp;format=pjpg&amp;amp;auto=webp&amp;amp;s=6efb2ad3f7141802ea077c0ce094dd33260b0bd1&lt;/a&gt;&lt;/p&gt;
&lt;/div&gt;",,,,3200,,,,,,,2025-09-01T03:18:32.000Z,2025-09-01T18:40:40.060Z,comment,,t3_1n5co1p,t3_1n5co1p,cats,4.0
t1_nbti2br,nbti2br,https://www.reddit.com/r/ftm/comments/1n5kund/ive_seen_posts_of_peoples_cats_not_recognizing/nbti2br/,TicciSpice,t2_38524rwu,,r/ftm,,"I‘d say it’s because most of the time even the smell/scent change is gradually and the animals just adjust to it, which they cannot when you’re away for longer periods of time

I had a similar fear with one of my kitties. He‘s very scared of deeper/male voices and I was scared that he would become scared of me when my voice would deepen, but the changes where so gradual that he’s not scared of it because he just became adjusted to it","&lt;div class=""md""&gt;&lt;p&gt;I‘d say it’s because most of the time even the smell/scent change is gradually and the animals just adjust to it, which they cannot when you’re away for longer periods of time&lt;/p&gt;

&lt;p&gt;I had a similar fear with one of my kitties. He‘s very scared of deeper/male voices and I was scared that he would become scared of me when my voice would deepen, but the changes where so gradual that he’s not scared of it because he just became adjusted to it&lt;/p&gt;
&lt;/div&gt;",,,,1,,,,,,,2025-09-01T11:20:26.000Z,2025-09-01T18:40:39.644Z,comment,,t3_1n5kund,t3_1n5kund,ftm,0.0
t1_nbq5mf8,nbq5mf8,https://www.reddit.com/r/cats/comments/1n54ivc/teen_cat_mom_advice/nbq5mf8/,One_Resolution_8357,t2_z4p138ocr,,r/cats,,"Sorry, I was confused by the wording in your post.

Teen pregnancies are unfortunately common. She gave birth safely, this is good. Provide mama cat with adequate nutrition (kitten food is good for nursing mothers, she needs a lot of it and fresh water). You already gave her a quiet, cosy corner inside. Mama cat know what to do. Good luck !","&lt;div class=""md""&gt;&lt;p&gt;Sorry, I was confused by the wording in your post.&lt;/p&gt;

&lt;p&gt;Teen pregnancies are unfortunately common. She gave birth safely, this is good. Provide mama cat with adequate nutrition (kitten food is good for nursing mothers, she needs a lot of it and fresh water). You already gave her a quiet, cosy corner inside. Mama cat know what to do. Good luck !&lt;/p&gt;
&lt;/div&gt;",,,,0,,,,,,,2025-08-31T20:47:50.000Z,2025-09-01T18:40:39.084Z,comment,,t3_1n54ivc,t1_nbq00lc,cats,1.0
t1_nbtbuur,nbtbuur,https://www.reddit.com/r/ftm/comments/1n5kund/ive_seen_posts_of_peoples_cats_not_recognizing/nbtbuur/,Yukijak,t2_mnxwi6ce,,r/ftm,,"Yea heard about that too. Almost 2 years on T and my cats ,dogs and other animals still recognize me","&lt;div class=""md""&gt;&lt;p&gt;Yea heard about that too. Almost 2 years on T and my cats ,dogs and other animals still recognize me&lt;/p&gt;
&lt;/div&gt;",,,,1,,,,,,,2025-09-01T10:28:11.000Z,2025-09-01T18:40:39.644Z,comment,,t3_1n5kund,t3_1n5kund,ftm,0.0
t1_nbs36hd,nbs36hd,https://www.reddit.com/r/cats/comments/1n5co1p/your_cats_are_not_your_children/nbs36hd/,TA_totellornottotell,t2_o0kx280v,,r/cats,,What’s the equivalent of magic earmuffs for eyes?,"&lt;div class=""md""&gt;&lt;p&gt;What’s the equivalent of magic earmuffs for eyes?&lt;/p&gt;
&lt;/div&gt;",,,,250,,,,,,,2025-09-01T03:51:36.000Z,2025-09-01T18:40:40.060Z,comment,,t3_1n5co1p,t1_nbrykkb,cats,2.0
t1_nbtg6ig,nbtg6ig,https://www.reddit.com/r/ftm/comments/1n5kund/ive_seen_posts_of_peoples_cats_not_recognizing/nbtg6ig/,sierra-echo-november,t2_1ahq98hovg,,r/ftm,,My cat (who moved with me when I got my own place a year ago) still recognizes me. My parents dog (who still lives with them [duh]) does not,"&lt;div class=""md""&gt;&lt;p&gt;My cat (who moved with me when I got my own place a year ago) still recognizes me. My parents dog (who still lives with them [duh]) does not&lt;/p&gt;
&lt;/div&gt;",,,,1,,,,,,,2025-09-01T11:05:17.000Z,2025-09-01T18:40:39.644Z,comment,,t3_1n5kund,t3_1n5kund,ftm,1.0
t1_nbq5yp0,nbq5yp0,https://www.reddit.com/r/cats/comments/1n54ivc/teen_cat_mom_advice/nbq5yp0/,Dustytail_studios98,t2_40x4zbrqw,,r/cats,,"That's not exactly what I was asking ^^'
My professor is fostering her until her kittens are weined and able to be adopted. Once theyre old enough, ill take momma in.


Im moreso concerned how her behavior may be different than a normal cat considering she had her kittens when she herself was a kitten.","&lt;div class=""md""&gt;&lt;p&gt;That&amp;#39;s not exactly what I was asking &lt;sup&gt;&lt;sup&gt;&amp;#39;&lt;/sup&gt;&lt;/sup&gt;
My professor is fostering her until her kittens are weined and able to be adopted. Once theyre old enough, ill take momma in.&lt;/p&gt;

&lt;p&gt;Im moreso concerned how her behavior may be different than a normal cat considering she had her kittens when she herself was a kitten.&lt;/p&gt;
&lt;/div&gt;",,,,2,,,,,,,2025-08-31T20:49:32.000Z,2025-09-01T18:40:39.084Z,comment,,t3_1n54ivc,t1_nbq5mf8,cats,1.0
t1_nbszfon,nbszfon,https://www.reddit.com/r/cats/comments/1n5co1p/your_cats_are_not_your_children/nbszfon/,thedreamyrunner,t2_1wtco4n47b,,r/cats,,"A tiny force field, preferably invisible.","&lt;div class=""md""&gt;&lt;p&gt;A tiny force field, preferably invisible.&lt;/p&gt;
&lt;/div&gt;",,,,30,,,,,,,2025-09-01T08:29:59.000Z,2025-09-01T18:40:40.060Z,comment,,t3_1n5co1p,t1_nbs36hd,cats,0.0
t1_nbtvwll,nbtvwll,https://www.reddit.com/r/cats/comments/1n5co1p/your_cats_are_not_your_children/nbtvwll/,whatshisfaceboy,t2_8iktt,,r/cats,,Kittens. Just put kittens over your eyes.,"&lt;div class=""md""&gt;&lt;p&gt;Kittens. Just put kittens over your eyes.&lt;/p&gt;
&lt;/div&gt;",,,,11,,,,,,,2025-09-01T12:55:49.000Z,2025-09-01T18:40:40.060Z,comment,,t3_1n5co1p,t1_nbs36hd,cats,0.0
t1_nbtgtjj,nbtgtjj,https://www.reddit.com/r/ftm/comments/1n5kund/ive_seen_posts_of_peoples_cats_not_recognizing/nbtgtjj/,Independent-Wing-224,t2_in9k19t7,,r/ftm,,Ohh okay,"&lt;div class=""md""&gt;&lt;p&gt;Ohh okay&lt;/p&gt;
&lt;/div&gt;",,,,1,,,,,,,2025-09-01T11:10:30.000Z,2025-09-01T18:40:39.644Z,comment,,t3_1n5kund,t1_nbtg6ig,ftm,0.0
t1_nbq9rg7,nbq9rg7,https://www.reddit.com/r/cats/comments/1n54ivc/teen_cat_mom_advice/nbq9rg7/,One_Resolution_8357,t2_z4p138ocr,,r/cats,,"It should not make a difference especially if she was fostered, thus socialized with humans.","&lt;div class=""md""&gt;&lt;p&gt;It should not make a difference especially if she was fostered, thus socialized with humans.&lt;/p&gt;
&lt;/div&gt;",,,,2,,,,,,,2025-08-31T21:09:12.000Z,2025-09-01T18:40:39.084Z,comment,,t3_1n54ivc,t1_nbq5yp0,cats,0.0
t1_nbs3b6u,nbs3b6u,https://www.reddit.com/r/cats/comments/1n5co1p/your_cats_are_not_your_children/nbs3b6u/,goldensavage2019,t2_jlmqvllq,,r/cats,,"Happy cake day, also I’m stealing your image","&lt;div class=""md""&gt;&lt;p&gt;Happy cake day, also I’m stealing your image&lt;/p&gt;
&lt;/div&gt;",,,,62,,,,,,,2025-09-01T03:52:33.000Z,2025-09-01T18:40:40.060Z,comment,,t3_1n5co1p,t1_nbrykkb,cats,1.0
t1_nbtncc3,nbtncc3,https://www.reddit.com/r/ftm/comments/1n5kund/ive_seen_posts_of_peoples_cats_not_recognizing/nbtncc3/,askingembarrassing,t2_bri7efh2,,r/ftm,,some animals are just dumber than others. i knew someone who's dog would freak out and not recognize her if she put her hair in a ponytail or even put a hat on,"&lt;div class=""md""&gt;&lt;p&gt;some animals are just dumber than others. i knew someone who&amp;#39;s dog would freak out and not recognize her if she put her hair in a ponytail or even put a hat on&lt;/p&gt;
&lt;/div&gt;",,,,1,,,,,,,2025-09-01T11:59:48.000Z,2025-09-01T18:40:39.644Z,comment,,t3_1n5kund,t3_1n5kund,ftm,1.0
t1_nbshfud,nbshfud,https://www.reddit.com/r/cats/comments/1n5co1p/your_cats_are_not_your_children/nbshfud/,Woodley444,t2_gf9ao1yj,,r/cats,,Wouldn't it be better with your own cat?,"&lt;div class=""md""&gt;&lt;p&gt;Wouldn&amp;#39;t it be better with your own cat?&lt;/p&gt;
&lt;/div&gt;",,,,8,,,,,,,2025-09-01T05:45:01.000Z,2025-09-01T18:40:40.060Z,comment,,t3_1n5co1p,t1_nbs3b6u,cats,0.0
t1_nbsgrrp,nbsgrrp,https://www.reddit.com/r/cats/comments/1n5co1p/your_cats_are_not_your_children/nbsgrrp/,-ACatWithAKeyboard-,t2_jyvmqs1fl,,r/cats,,https://preview.redd.it/xcjc36ycqhmf1.jpeg?width=320&amp;format=pjpg&amp;auto=webp&amp;s=f87892c1c438a87a3990143c2df86e3afe068c42,"&lt;div class=""md""&gt;&lt;p&gt;&lt;a href=""https://preview.redd.it/xcjc36ycqhmf1.jpeg?width=320&amp;amp;format=pjpg&amp;amp;auto=webp&amp;amp;s=f87892c1c438a87a3990143c2df86e3afe068c42""&gt;https://preview.redd.it/xcjc36ycqhmf1.jpeg?width=320&amp;amp;format=pjpg&amp;amp;auto=webp&amp;amp;s=f87892c1c438a87a3990143c2df86e3afe068c42&lt;/a&gt;&lt;/p&gt;
&lt;/div&gt;",,,,92,,,,,,,2025-09-01T05:39:22.000Z,2025-09-01T18:40:40.060Z,comment,,t3_1n5co1p,t1_nbrykkb,cats,1.0
t1_nbtl8lc,nbtl8lc,https://www.reddit.com/r/cats/comments/1n5co1p/your_cats_are_not_your_children/nbtl8lc/,Puzzleheaded-Win4885,t2_1reejqorsq,,r/cats,,https://preview.redd.it/yyvoulhjjjmf1.jpeg?width=1080&amp;format=pjpg&amp;auto=webp&amp;s=565f2da695814c1757d4f77030b4caa9acf4582a,"&lt;div class=""md""&gt;&lt;p&gt;&lt;a href=""https://preview.redd.it/yyvoulhjjjmf1.jpeg?width=1080&amp;amp;format=pjpg&amp;amp;auto=webp&amp;amp;s=565f2da695814c1757d4f77030b4caa9acf4582a""&gt;https://preview.redd.it/yyvoulhjjjmf1.jpeg?width=1080&amp;amp;format=pjpg&amp;amp;auto=webp&amp;amp;s=565f2da695814c1757d4f77030b4caa9acf4582a&lt;/a&gt;&lt;/p&gt;
&lt;/div&gt;",,,,71,,,,,,,2025-09-01T11:44:41.000Z,2025-09-01T18:40:40.060Z,comment,,t3_1n5co1p,t1_nbsgrrp,cats,3.0
t1_nbvgen8,nbvgen8,https://www.reddit.com/r/cats/comments/1n5co1p/your_cats_are_not_your_children/nbvgen8/,Paranoctis,t2_4ns3wxe6,,r/cats,,https://preview.redd.it/k8o9cyudblmf1.jpeg?width=1819&amp;format=pjpg&amp;auto=webp&amp;s=1935b0b047de0d600b029fdf516f0ead80800a00,"&lt;div class=""md""&gt;&lt;p&gt;&lt;a href=""https://preview.redd.it/k8o9cyudblmf1.jpeg?width=1819&amp;amp;format=pjpg&amp;amp;auto=webp&amp;amp;s=1935b0b047de0d600b029fdf516f0ead80800a00""&gt;https://preview.redd.it/k8o9cyudblmf1.jpeg?width=1819&amp;amp;format=pjpg&amp;amp;auto=webp&amp;amp;s=1935b0b047de0d600b029fdf516f0ead80800a00&lt;/a&gt;&lt;/p&gt;
&lt;/div&gt;",,,,6,,,,,,,2025-09-01T17:42:31.000Z,2025-09-01T18:40:40.060Z,comment,,t3_1n5co1p,t1_nbtl8lc,cats,1.0
t1_nbvjgzw,nbvjgzw,https://www.reddit.com/r/cats/comments/1n5co1p/your_cats_are_not_your_children/nbvjgzw/,Puzzleheaded-Win4885,t2_1reejqorsq,,r/cats,,https://preview.redd.it/cjhqa3mzdlmf1.jpeg?width=1080&amp;format=pjpg&amp;auto=webp&amp;s=8a09111dd549af63d3e8c3b1c294154dd5bd4610,"&lt;div class=""md""&gt;&lt;p&gt;&lt;a href=""https://preview.redd.it/cjhqa3mzdlmf1.jpeg?width=1080&amp;amp;format=pjpg&amp;amp;auto=webp&amp;amp;s=8a09111dd549af63d3e8c3b1c294154dd5bd4610""&gt;https://preview.redd.it/cjhqa3mzdlmf1.jpeg?width=1080&amp;amp;format=pjpg&amp;amp;auto=webp&amp;amp;s=8a09111dd549af63d3e8c3b1c294154dd5bd4610&lt;/a&gt;&lt;/p&gt;
&lt;/div&gt;",,,,5,,,,,,,2025-09-01T17:57:07.000Z,2025-09-01T18:40:40.060Z,comment,,t3_1n5co1p,t1_nbvgen8,cats,1.0
t3_1n5w6ct,1n5w6ct,https://www.reddit.com/r/FundamentalPaperEdu/comments/1n5w6ct/two_cats/,geebuscooper,t2_xtwi8um9t,Two cats,r/FundamentalPaperEdu,FundamentalPaperEdu,One is normal. the other is FAT.,"&lt;!-- SC_OFF --&gt;&lt;div class=""md""&gt;&lt;p&gt;One is normal. the other is FAT.&lt;/p&gt;
&lt;/div&gt;&lt;!-- SC_ON --&gt;",https://i.redd.it/6axx9x1lglmf1.png,1.0,Fan Creation,5,1.0,False,False,False,https://b.thumbs.redditmedia.com/jT0cWM7GNQQEt4-8b3mObudxJD-6Xirr4ybNRIoe2Co.jpg,['https://i.redd.it/6axx9x1lglmf1.png'],2025-09-01T18:11:57.000Z,2025-09-01T18:40:42.648Z,post,,,,,
t1_nbvnczl,nbvnczl,https://www.reddit.com/r/FundamentalPaperEdu/comments/1n5w6ct/two_cats/nbvnczl/,No-Load-2915,t2_1w8qsnfvns,,r/FundamentalPaperEdu,,"you mean, one is normal and the other is bones","&lt;div class=""md""&gt;&lt;p&gt;you mean, one is normal and the other is bones&lt;/p&gt;
&lt;/div&gt;",,,,1,,,,,,,2025-09-01T18:15:47.000Z,2025-09-01T18:40:42.712Z,comment,,t3_1n5w6ct,t3_1n5w6ct,FundamentalPaperEdu,0.0
t3_1n4wb28,1n4wb28,https://www.reddit.com/r/cats/comments/1n4wb28/my_cats_are_my_whole_world/,Garden_Jolly,t2_cyd4stps,My cats are my whole world.,r/cats,cats,"Thumbnail: https://b.thumbs.redditmedia.com/0PHtSReiTPmRLpV0VvVuUbgJxnwQR9lKVWANFYS__pQ.jpg
","Thumbnail: https://b.thumbs.redditmedia.com/0PHtSReiTPmRLpV0VvVuUbgJxnwQR9lKVWANFYS__pQ.jpg
",https://www.reddit.com/gallery/1n4wb28,171.0,Cat Picture - OC,16569,0.97,False,False,False,https://b.thumbs.redditmedia.com/0PHtSReiTPmRLpV0VvVuUbgJxnwQR9lKVWANFYS__pQ.jpg,"['https://i.redd.it/szii48vz8dmf1.jpg', 'https://i.redd.it/tcmxd8vz8dmf1.jpg']",2025-08-31T14:34:53.000Z,2025-09-01T18:40:43.647Z,post,,,,,
t1_nboqt60,nboqt60,https://www.reddit.com/r/cats/comments/1n4wb28/my_cats_are_my_whole_world/nboqt60/,trendingtattler,t2_muor2ebl9,,r/cats,,"**This post has hit /r/all**

Please ***remember the human*** and participate with subreddit rules in mind. Do not tell people how they should raise their cats.

[r/cats rules can be found here](https://www.reddit.com/r/cats/wiki/index/subrules/)

*I am a bot, and this action was performed automatically. Please [contact the moderators of this subreddit](/message/compose/?to=/r/cats) if you have any questions or concerns.*","&lt;div class=""md""&gt;&lt;p&gt;&lt;strong&gt;This post has hit &lt;a href=""/r/all""&gt;/r/all&lt;/a&gt;&lt;/strong&gt;&lt;/p&gt;

&lt;p&gt;Please &lt;strong&gt;&lt;em&gt;remember the human&lt;/em&gt;&lt;/strong&gt; and participate with subreddit rules in mind. Do not tell people how they should raise their cats.&lt;/p&gt;

&lt;p&gt;&lt;a href=""https://www.reddit.com/r/cats/wiki/index/subrules/""&gt;r/cats rules can be found here&lt;/a&gt;&lt;/p&gt;

&lt;p&gt;&lt;em&gt;I am a bot, and this action was performed automatically. Please &lt;a href=""/message/compose/?to=/r/cats""&gt;contact the moderators of this subreddit&lt;/a&gt; if you have any questions or concerns.&lt;/em&gt;&lt;/p&gt;
&lt;/div&gt;",,,,1,,,,,,,2025-08-31T16:32:36.000Z,2025-09-01T18:40:43.738Z,comment,,t3_1n4wb28,t3_1n4wb28,cats,0.0
t1_nbo994x,nbo994x,https://www.reddit.com/r/cats/comments/1n4wb28/my_cats_are_my_whole_world/nbo994x/,catfarts2325,t2_1vj4fsa2vb,,r/cats,,Pretty girl with pretty kittays!,"&lt;div class=""md""&gt;&lt;p&gt;Pretty girl with pretty kittays!&lt;/p&gt;
&lt;/div&gt;",,,,181,,,,,,,2025-08-31T15:04:45.000Z,2025-09-01T18:40:43.738Z,comment,,t3_1n4wb28,t3_1n4wb28,cats,2.0
t1_nbodjfb,nbodjfb,https://www.reddit.com/r/cats/comments/1n4wb28/my_cats_are_my_whole_world/nbodjfb/,Boring-Being-979,t2_1kkhn8wozx,,r/cats,,Perfect combo! 😍🐾,"&lt;div class=""md""&gt;&lt;p&gt;Perfect combo! 😍🐾&lt;/p&gt;
&lt;/div&gt;",,,,38,,,,,,,2025-08-31T15:26:19.000Z,2025-09-01T18:40:43.738Z,comment,,t3_1n4wb28,t1_nbo994x,cats,0.0
t1_nboqg4y,nboqg4y,https://www.reddit.com/r/cats/comments/1n4wb28/my_cats_are_my_whole_world/nboqg4y/,Menemaz,t2_1v4r03h6nx,,r/cats,,"Certified cuteness overload, the squad is unstoppable","&lt;div class=""md""&gt;&lt;p&gt;Certified cuteness overload, the squad is unstoppable&lt;/p&gt;
&lt;/div&gt;",,,,23,,,,,,,2025-08-31T16:30:46.000Z,2025-09-01T18:40:43.738Z,comment,,t3_1n4wb28,t1_nbo994x,cats,1.0
t1_nbp6li6,nbp6li6,https://www.reddit.com/r/cats/comments/1n4wb28/my_cats_are_my_whole_world/nbp6li6/,SweetestCreamPie,t2_1un1krdpei,,r/cats,,That is just too cute 😍,"&lt;div class=""md""&gt;&lt;p&gt;That is just too cute 😍&lt;/p&gt;
&lt;/div&gt;",,,,10,,,,,,,2025-08-31T17:49:06.000Z,2025-09-01T18:40:43.738Z,comment,,t3_1n4wb28,t1_nboqg4y,cats,0.0
t1_nbob0zd,nbob0zd,https://www.reddit.com/r/cats/comments/1n4wb28/my_cats_are_my_whole_world/nbob0zd/,sophieskiez,t2_1wjyufta0a,,r/cats,,"https://preview.redd.it/ro84iwtufdmf1.png?width=976&amp;format=png&amp;auto=webp&amp;s=2269f5441fb437e1d777b3e573fedce81eff8838

Oh my!!!!!! This picture made my day 🥹🥹🥹","&lt;div class=""md""&gt;&lt;p&gt;&lt;a href=""https://preview.redd.it/ro84iwtufdmf1.png?width=976&amp;amp;format=png&amp;amp;auto=webp&amp;amp;s=2269f5441fb437e1d777b3e573fedce81eff8838""&gt;https://preview.redd.it/ro84iwtufdmf1.png?width=976&amp;amp;format=png&amp;amp;auto=webp&amp;amp;s=2269f5441fb437e1d777b3e573fedce81eff8838&lt;/a&gt;&lt;/p&gt;

&lt;p&gt;Oh my!!!!!! This picture made my day 🥹🥹🥹&lt;/p&gt;
&lt;/div&gt;",,,,105,,,,,,,2025-08-31T15:13:38.000Z,2025-09-01T18:40:43.738Z,comment,,t3_1n4wb28,t3_1n4wb28,cats,3.0
t1_nbof91q,nbof91q,https://www.reddit.com/r/cats/comments/1n4wb28/my_cats_are_my_whole_world/nbof91q/,Lost_Advertising_950,t2_yxbkyoq3w,,r/cats,,Right?? Such a beautiful girlie with her adorable kitties,"&lt;div class=""md""&gt;&lt;p&gt;Right?? Such a beautiful girlie with her adorable kitties&lt;/p&gt;
&lt;/div&gt;",,,,31,,,,,,,2025-08-31T15:35:01.000Z,2025-09-01T18:40:43.738Z,comment,,t3_1n4wb28,t1_nbob0zd,cats,0.0
t1_nbp3klq,nbp3klq,https://www.reddit.com/r/cats/comments/1n4wb28/my_cats_are_my_whole_world/nbp3klq/,Abject-Mail-4235,t2_eler2ed8,,r/cats,,You look like Quinta Brunson from Abbot Elementary. Beautiful!,"&lt;div class=""md""&gt;&lt;p&gt;You look like Quinta Brunson from Abbot Elementary. Beautiful!&lt;/p&gt;
&lt;/div&gt;",,,,15,,,,,,,2025-08-31T17:34:40.000Z,2025-09-01T18:40:43.738Z,comment,,t3_1n4wb28,t1_nbob0zd,cats,1.0
t1_nbpigb6,nbpigb6,https://www.reddit.com/r/cats/comments/1n4wb28/my_cats_are_my_whole_world/nbpigb6/,Pino196,t2_fg56x,,r/cats,,I came to the comments to see if anyone said this! OP and Quinta are both so pretty!,"&lt;div class=""md""&gt;&lt;p&gt;I came to the comments to see if anyone said this! OP and Quinta are both so pretty!&lt;/p&gt;
&lt;/div&gt;",,,,8,,,,,,,2025-08-31T18:48:45.000Z,2025-09-01T18:40:43.738Z,comment,,t3_1n4wb28,t1_nbp3klq,cats,0.0
t1_nbp2mc3,nbp2mc3,https://www.reddit.com/r/cats/comments/1n4wb28/my_cats_are_my_whole_world/nbp2mc3/,Ready-Marzipan7975,t2_1uar8mqimh,,r/cats,,Same!!!,"&lt;div class=""md""&gt;&lt;p&gt;Same!!!&lt;/p&gt;
&lt;/div&gt;",,,,4,,,,,,,2025-08-31T17:30:09.000Z,2025-09-01T18:40:43.738Z,comment,,t3_1n4wb28,t1_nbob0zd,cats,0.0
t3_1n5v295,1n5v295,https://www.reddit.com/r/penandink/comments/1n5v295/three_frames_of_my_mom_petting_my_cat/,crissini,t2_la7t9zsw,three frames of my mom petting my cat,r/penandink,penandink,"Thumbnail: https://b.thumbs.redditmedia.com/MN4UJ7Hl4uJ2c0pMP_tqPm8Sb1O1OhgW6Mo3jCv79Ac.jpg
","Thumbnail: https://b.thumbs.redditmedia.com/MN4UJ7Hl4uJ2c0pMP_tqPm8Sb1O1OhgW6Mo3jCv79Ac.jpg
",https://www.reddit.com/gallery/1n5v295,2.0,,93,0.99,False,False,False,https://b.thumbs.redditmedia.com/MN4UJ7Hl4uJ2c0pMP_tqPm8Sb1O1OhgW6Mo3jCv79Ac.jpg,"['https://i.redd.it/0qi6f8pc9lmf1.png', 'https://i.redd.it/hf64utuc9lmf1.png']",2025-09-01T17:31:09.000Z,2025-09-01T18:40:49.554Z,post,,,,,
t3_1n5m4li,1n5m4li,https://www.reddit.com/r/NailArt/comments/1n5m4li/mom_and_daughter_duo_loves_cat_eye_gel/,Interesting_Ad2675,t2_70r61x3c,Mom and daughter duo loves cat eye gel,r/NailArt,NailArt,"Thumbnail: https://a.thumbs.redditmedia.com/mTC4eczxRrkP9BJ75YVSrJQO-BqvLazjwXuY0Yj7SM0.jpg
","Thumbnail: https://a.thumbs.redditmedia.com/mTC4eczxRrkP9BJ75YVSrJQO-BqvLazjwXuY0Yj7SM0.jpg
",https://www.reddit.com/gallery/1n5m4li,4.0,Nail Tech Work,161,1.0,False,False,False,https://a.thumbs.redditmedia.com/mTC4eczxRrkP9BJ75YVSrJQO-BqvLazjwXuY0Yj7SM0.jpg,"['https://i.redd.it/c2wkw922gjmf1.jpg', 'https://i.redd.it/f5gpia22gjmf1.jpg', 'https://i.redd.it/bwm9j822gjmf1.jpg', 'https://i.redd.it/y6cfcb22gjmf1.jpg']",2025-09-01T11:25:09.000Z,2025-09-01T18:40:49.557Z,post,,,,,
t1_nbvktbr,nbvktbr,https://www.reddit.com/r/penandink/comments/1n5v295/three_frames_of_my_mom_petting_my_cat/nbvktbr/,Agent-Rhubarb1169,t2_1vrbwl2ksk,,r/penandink,,How beautiful,"&lt;div class=""md""&gt;&lt;p&gt;How beautiful&lt;/p&gt;
&lt;/div&gt;",,,,3,,,,,,,2025-09-01T18:03:31.000Z,2025-09-01T18:40:49.643Z,comment,,t3_1n5v295,t3_1n5v295,penandink,0.0
t3_1n5j1wg,1n5j1wg,https://www.reddit.com/r/CATHELP/comments/1n5j1wg/wild_cats/,not_azazeal,t2_2ymmqfn0,"""wild"" cats",r/CATHELP,CATHELP,"For a bit of context : About 15years back the cat distribution system gave me a friend. This cat lived his life on the mountains next to this house we come to vacation and we had a very basic deal, I sometimes give him food in exchange he lets me pet him. Then we bought back from the city an injured cat (the usual ""can we keep it???"" Scenario) and they ended up mating. The wild one stayed a bit wild (never retracts claws for example) while the one we brought from the city was clearly a house cat before. I since then saw 3 generations and they all grew up and left the area naturally apart from 1 male per generation that stays in this area and shows us his wee ones the next year. 

The issue part : 

In the newest generation, there's 3 kittens and one is clearly half the size of the others and NEVER leaves the garden and seems to be avoiding playing with his bro/sis. He also took a liking to humans that I never saw before in these cats. Stuff like letting me pick him up by the belly and sometimes gently nibs on my hands/feet or some scratches but doesn't actually pierce the skin (unlike the others) 

Should I let him ""play"" with me like this ? I don't want him to be dependant on us or develop weirdly. There's a part of me that wants to get him through the system and actually adopt him but that includes traveling across many countries with an airplane and I'm not sure he can take it.  

Yes I know they're a bit bloody on the nose but I swear I didn't hurt them, they're just cats living in the mountains and often those come scarred, the OG cat had half a ear missing the first time I met him and never did medical care for these cats. But the tiny one doesn't look like he's cleaning himself (the others clearly do clean themselves)

 should I help him out with the cleaning especially around the eyes ?","&lt;!-- SC_OFF --&gt;&lt;div class=""md""&gt;&lt;p&gt;For a bit of context : About 15years back the cat distribution system gave me a friend. This cat lived his life on the mountains next to this house we come to vacation and we had a very basic deal, I sometimes give him food in exchange he lets me pet him. Then we bought back from the city an injured cat (the usual &amp;quot;can we keep it???&amp;quot; Scenario) and they ended up mating. The wild one stayed a bit wild (never retracts claws for example) while the one we brought from the city was clearly a house cat before. I since then saw 3 generations and they all grew up and left the area naturally apart from 1 male per generation that stays in this area and shows us his wee ones the next year. &lt;/p&gt;

&lt;p&gt;The issue part : &lt;/p&gt;

&lt;p&gt;In the newest generation, there&amp;#39;s 3 kittens and one is clearly half the size of the others and NEVER leaves the garden and seems to be avoiding playing with his bro/sis. He also took a liking to humans that I never saw before in these cats. Stuff like letting me pick him up by the belly and sometimes gently nibs on my hands/feet or some scratches but doesn&amp;#39;t actually pierce the skin (unlike the others) &lt;/p&gt;

&lt;p&gt;Should I let him &amp;quot;play&amp;quot; with me like this ? I don&amp;#39;t want him to be dependant on us or develop weirdly. There&amp;#39;s a part of me that wants to get him through the system and actually adopt him but that includes traveling across many countries with an airplane and I&amp;#39;m not sure he can take it.  &lt;/p&gt;

&lt;p&gt;Yes I know they&amp;#39;re a bit bloody on the nose but I swear I didn&amp;#39;t hurt them, they&amp;#39;re just cats living in the mountains and often those come scarred, the OG cat had half a ear missing the first time I met him and never did medical care for these cats. But the tiny one doesn&amp;#39;t look like he&amp;#39;s cleaning himself (the others clearly do clean themselves)&lt;/p&gt;

&lt;p&gt;should I help him out with the cleaning especially around the eyes ?&lt;/p&gt;
&lt;/div&gt;&lt;!-- SC_ON --&gt;",https://www.reddit.com/gallery/1n5j1wg,5.0,Behavioral Issue,13,0.94,False,False,False,,"['https://i.redd.it/doiejjnfiimf1.jpg', 'https://i.redd.it/at1e82xfiimf1.jpg', 'https://i.redd.it/30cssobfiimf1.jpg']",2025-09-01T08:16:46.000Z,2025-09-01T18:40:49.639Z,post,,,,,
t1_nbtjdoa,nbtjdoa,https://www.reddit.com/r/NailArt/comments/1n5m4li/mom_and_daughter_duo_loves_cat_eye_gel/nbtjdoa/,angelicnymphy,t2_8hrvvpl4,,r/NailArt,,"That’s so sweet! Love the pink/purple and silver as well, stunning","&lt;div class=""md""&gt;&lt;p&gt;That’s so sweet! Love the pink/purple and silver as well, stunning&lt;/p&gt;
&lt;/div&gt;",,,,2,,,,,,,2025-09-01T11:30:41.000Z,2025-09-01T18:40:49.671Z,comment,,t3_1n5m4li,t3_1n5m4li,NailArt,1.0
t1_nbvq2a9,nbvq2a9,https://www.reddit.com/r/penandink/comments/1n5v295/three_frames_of_my_mom_petting_my_cat/nbvq2a9/,MitchellSFold,t2_11cx8vdusq,,r/penandink,,"Beautiful work, the cat looks completely alive and content. Really nice choice of paper stock also.","&lt;div class=""md""&gt;&lt;p&gt;Beautiful work, the cat looks completely alive and content. Really nice choice of paper stock also.&lt;/p&gt;
&lt;/div&gt;",,,,3,,,,,,,2025-09-01T18:28:56.000Z,2025-09-01T18:40:49.643Z,comment,,t3_1n5v295,t3_1n5v295,penandink,0.0
t1_nbtjh70,nbtjh70,https://www.reddit.com/r/NailArt/comments/1n5m4li/mom_and_daughter_duo_loves_cat_eye_gel/nbtjh70/,Interesting_Ad2675,t2_70r61x3c,,r/NailArt,,Thank you! I’m a big fan of using cat eye gels and there is endless possibilities to design with them,"&lt;div class=""md""&gt;&lt;p&gt;Thank you! I’m a big fan of using cat eye gels and there is endless possibilities to design with them&lt;/p&gt;
&lt;/div&gt;",,,,1,,,,,,,2025-09-01T11:31:27.000Z,2025-09-01T18:40:49.671Z,comment,,t3_1n5m4li,t1_nbtjdoa,NailArt,0.0
t1_nbsy2ss,nbsy2ss,https://www.reddit.com/r/CATHELP/comments/1n5j1wg/wild_cats/nbsy2ss/,AutoModerator,t2_6l4z3,,r/CATHELP,,"**PLEASE READ BEFORE COMMENTING**
1. There is a zero tolerance policy for shaming/berating OP. Comment with civility, or move along. 
2. We recommending **asking your vet** before posting.
3. Advice here is not coming from medical or industry professionals. The moderation team does not validate user profession, so always refer to your local veterinary professionals first. Consider posting to /r/AskVet
4. If this is a medical question, please indicate if you have already scheduled a vet appointment, and if your cat has any medical history or procedures in a top level comment.
5. **Please use the NSFW tag for gross pictures**. (Blood, poop, vomit, genitals, etc). Anything you wouldn't want your boss to see you looking at on the job.
5. Comments made by accounts with &lt;1 comment karma will be removed.


*I am a bot, and this action was performed automatically. Please [contact the moderators of this subreddit](/message/compose/?to=/r/CATHELP) if you have any questions or concerns.*","&lt;div class=""md""&gt;&lt;p&gt;&lt;strong&gt;PLEASE READ BEFORE COMMENTING&lt;/strong&gt;
1. There is a zero tolerance policy for shaming/berating OP. Comment with civility, or move along. 
2. We recommending &lt;strong&gt;asking your vet&lt;/strong&gt; before posting.
3. Advice here is not coming from medical or industry professionals. The moderation team does not validate user profession, so always refer to your local veterinary professionals first. Consider posting to &lt;a href=""/r/AskVet""&gt;/r/AskVet&lt;/a&gt;
4. If this is a medical question, please indicate if you have already scheduled a vet appointment, and if your cat has any medical history or procedures in a top level comment.
5. &lt;strong&gt;Please use the NSFW tag for gross pictures&lt;/strong&gt;. (Blood, poop, vomit, genitals, etc). Anything you wouldn&amp;#39;t want your boss to see you looking at on the job.
5. Comments made by accounts with &amp;lt;1 comment karma will be removed.&lt;/p&gt;

&lt;p&gt;&lt;em&gt;I am a bot, and this action was performed automatically. Please &lt;a href=""/message/compose/?to=/r/CATHELP""&gt;contact the moderators of this subreddit&lt;/a&gt; if you have any questions or concerns.&lt;/em&gt;&lt;/p&gt;
&lt;/div&gt;",,,,1,,,,,,,2025-09-01T08:16:46.000Z,2025-09-01T18:40:49.758Z,comment,,t3_1n5j1wg,t3_1n5j1wg,CATHELP,0.0
t1_nbtr6ge,nbtr6ge,https://www.reddit.com/r/NailArt/comments/1n5m4li/mom_and_daughter_duo_loves_cat_eye_gel/nbtr6ge/,PocketPrincess76,t2_jwakq0pq9,,r/NailArt,,Ooh love the Amber color,"&lt;div class=""md""&gt;&lt;p&gt;Ooh love the Amber color&lt;/p&gt;
&lt;/div&gt;",,,,2,,,,,,,2025-09-01T12:25:48.000Z,2025-09-01T18:40:49.671Z,comment,,t3_1n5m4li,t3_1n5m4li,NailArt,0.0
t1_nbsyl8h,nbsyl8h,https://www.reddit.com/r/CATHELP/comments/1n5j1wg/wild_cats/nbsyl8h/,not_azazeal,t2_2ymmqfn0,,r/CATHELP,,"https://preview.redd.it/s2jmq3fcjimf1.jpeg?width=4096&amp;format=pjpg&amp;auto=webp&amp;s=c6b6b4f4636d02c4ea4adf8fee6ff7045820f9a2

He also does the cutest thing I ever saw, sitting IN shoes","&lt;div class=""md""&gt;&lt;p&gt;&lt;a href=""https://preview.redd.it/s2jmq3fcjimf1.jpeg?width=4096&amp;amp;format=pjpg&amp;amp;auto=webp&amp;amp;s=c6b6b4f4636d02c4ea4adf8fee6ff7045820f9a2""&gt;https://preview.redd.it/s2jmq3fcjimf1.jpeg?width=4096&amp;amp;format=pjpg&amp;amp;auto=webp&amp;amp;s=c6b6b4f4636d02c4ea4adf8fee6ff7045820f9a2&lt;/a&gt;&lt;/p&gt;

&lt;p&gt;He also does the cutest thing I ever saw, sitting IN shoes&lt;/p&gt;
&lt;/div&gt;",,,,3,,,,,,,2025-09-01T08:21:49.000Z,2025-09-01T18:40:49.759Z,comment,,t3_1n5j1wg,t3_1n5j1wg,CATHELP,0.0
t1_nbt119r,nbt119r,https://www.reddit.com/r/CATHELP/comments/1n5j1wg/wild_cats/nbt119r/,questevil,t2_t0fk11xs,,r/CATHELP,,"I don’t have cats but it sounds like he’s the runt. It’s possible he’s sick or injured or the mother judged he won’t live as long as the others so is conserving resources. It’s possible he won’t live without your assistance because of that, which isn’t necessarily your fault (well, it kind of is because you contributed to a feral cat population, which, if at all possible spay and neuter your pets for this exact reason, but I digress), but do with that information what you will.","&lt;div class=""md""&gt;&lt;p&gt;I don’t have cats but it sounds like he’s the runt. It’s possible he’s sick or injured or the mother judged he won’t live as long as the others so is conserving resources. It’s possible he won’t live without your assistance because of that, which isn’t necessarily your fault (well, it kind of is because you contributed to a feral cat population, which, if at all possible spay and neuter your pets for this exact reason, but I digress), but do with that information what you will.&lt;/p&gt;
&lt;/div&gt;",,,,2,,,,,,,2025-09-01T08:45:37.000Z,2025-09-01T18:40:49.759Z,comment,,t3_1n5j1wg,t3_1n5j1wg,CATHELP,1.0
t1_nbt21hd,nbt21hd,https://www.reddit.com/r/CATHELP/comments/1n5j1wg/wild_cats/nbt21hd/,not_azazeal,t2_2ymmqfn0,,r/CATHELP,,Yeah I know kid me did some stuff that changed natures course for these cats and it always was in good will even if it's ethically questionable but 10yo me had no idea what ethical meant in a nature conservation setting. I since then learned a lot about biology and I'm now trying to not mess it up even further. thanks for the inputs :),"&lt;div class=""md""&gt;&lt;p&gt;Yeah I know kid me did some stuff that changed natures course for these cats and it always was in good will even if it&amp;#39;s ethically questionable but 10yo me had no idea what ethical meant in a nature conservation setting. I since then learned a lot about biology and I&amp;#39;m now trying to not mess it up even further. thanks for the inputs :)&lt;/p&gt;
&lt;/div&gt;",,,,2,,,,,,,2025-09-01T08:55:20.000Z,2025-09-01T18:40:49.759Z,comment,,t3_1n5j1wg,t1_nbt119r,CATHELP,1.0
t1_nbtk7u5,nbtk7u5,https://www.reddit.com/r/CATHELP/comments/1n5j1wg/wild_cats/nbtk7u5/,questevil,t2_t0fk11xs,,r/CATHELP,,"Totally understandable! We all do stupid stuff as kids and I also didn’t know at 10 that outdoor kitties have a harder life, I just wanted to make sure you know now. Good on you for continuing to do what you can to help the cats.","&lt;div class=""md""&gt;&lt;p&gt;Totally understandable! We all do stupid stuff as kids and I also didn’t know at 10 that outdoor kitties have a harder life, I just wanted to make sure you know now. Good on you for continuing to do what you can to help the cats.&lt;/p&gt;
&lt;/div&gt;",,,,1,,,,,,,2025-09-01T11:37:06.000Z,2025-09-01T18:40:49.759Z,comment,,t3_1n5j1wg,t1_nbt21hd,CATHELP,0.0
t3_1n4u12i,1n4u12i,https://www.reddit.com/r/funnygifs/comments/1n4u12i/someone_says_that_cats_are_useless_meanwhile_cats/,Logical-Guitar5016,t2_1waecrhwc7,😺🍿someone: says that cats are useless meanwhile cats:,r/funnygifs,funnygifs,"URL: https://v.redd.it/yncyxo4aqbmf1
","URL: https://v.redd.it/yncyxo4aqbmf1
",https://v.redd.it/yncyxo4aqbmf1,0.0,,10,0.92,False,False,False,,[],2025-08-31T12:58:04.000Z,2025-09-01T18:40:51.667Z,post,,,,,
t3_1n59wwh,1n59wwh,https://www.reddit.com/r/cats/comments/1n59wwh/new_cat_mom/,Spine_Auction,t2_1n6y93ujrk,New cat mom :),r/cats,cats,"Getting my kitten tomorrow!! I’ve been planning for months, but thought I’d post here and ask for advice/tips for a first-time cat owner. I’ve only ever had dogs so this is new to me :)","&lt;!-- SC_OFF --&gt;&lt;div class=""md""&gt;&lt;p&gt;Getting my kitten tomorrow!! I’ve been planning for months, but thought I’d post here and ask for advice/tips for a first-time cat owner. I’ve only ever had dogs so this is new to me :)&lt;/p&gt;
&lt;/div&gt;&lt;!-- SC_ON --&gt;",https://www.reddit.com/r/cats/comments/1n59wwh/new_cat_mom/,2.0,Advice,3,1.0,False,False,False,self,[],2025-08-31T23:56:25.000Z,2025-09-01T18:40:52.979Z,post,,,,,
t1_nbr39qn,nbr39qn,https://www.reddit.com/r/cats/comments/1n59wwh/new_cat_mom/nbr39qn/,amyloulie,t2_th70cpvf,,r/cats,,Just enjoy every minute of it - especially when they are small and full of mischief!,"&lt;div class=""md""&gt;&lt;p&gt;Just enjoy every minute of it - especially when they are small and full of mischief!&lt;/p&gt;
&lt;/div&gt;",,,,1,,,,,,,2025-09-01T00:01:40.000Z,2025-09-01T18:40:53.020Z,comment,,t3_1n59wwh,t3_1n59wwh,cats,0.0
t1_nbr3gj2,nbr3gj2,https://www.reddit.com/r/cats/comments/1n59wwh/new_cat_mom/nbr3gj2/,shroomie19,t2_82sks,,r/cats,,"When I first brought my kitties home, they hid for over a week. It took almost a month before they'd leave their room ( I gave them a room of toys with a gate that has a cat door). I'd spend time in the room but I'd let them approach me. Even when they first started exploring the rest of the house I'd sit on the couch and let them come to me. 

Cats can be super clingy but they have their own boundaries. Cheeto will climb up my legs and back to sit on my shoulder at every opportunity, and sushi only sits on my knees so I can barely pet her. She's way more playful though, and sleeps right next to me. If I tried to pick up sushi she'd probably hate me forever haha and if I stopped letting cheeto be a shoulder cat he'd never stop screaming at me.","&lt;div class=""md""&gt;&lt;p&gt;When I first brought my kitties home, they hid for over a week. It took almost a month before they&amp;#39;d leave their room ( I gave them a room of toys with a gate that has a cat door). I&amp;#39;d spend time in the room but I&amp;#39;d let them approach me. Even when they first started exploring the rest of the house I&amp;#39;d sit on the couch and let them come to me. &lt;/p&gt;

&lt;p&gt;Cats can be super clingy but they have their own boundaries. Cheeto will climb up my legs and back to sit on my shoulder at every opportunity, and sushi only sits on my knees so I can barely pet her. She&amp;#39;s way more playful though, and sleeps right next to me. If I tried to pick up sushi she&amp;#39;d probably hate me forever haha and if I stopped letting cheeto be a shoulder cat he&amp;#39;d never stop screaming at me.&lt;/p&gt;
&lt;/div&gt;",,,,1,,,,,,,2025-09-01T00:02:51.000Z,2025-09-01T18:40:53.020Z,comment,,t3_1n59wwh,t3_1n59wwh,cats,0.0
t3_1n5q137,1n5q137,https://www.reddit.com/r/lancaster/comments/1n5q137/looking_for_homes_for_my_moms_two_cats/,bendr316,t2_1u4nms8,Looking for homes for my mom's two cats,r/lancaster,lancaster,My mom is moving to a retirement community and we are looking for homes for her two cats.  All of the places she has called are not accepting cars to surrender.  Any place else we should look?,"&lt;!-- SC_OFF --&gt;&lt;div class=""md""&gt;&lt;p&gt;My mom is moving to a retirement community and we are looking for homes for her two cats.  All of the places she has called are not accepting cars to surrender.  Any place else we should look?&lt;/p&gt;
&lt;/div&gt;&lt;!-- SC_ON --&gt;",https://www.reddit.com/gallery/1n5q137,4.0,,24,1.0,False,False,False,https://a.thumbs.redditmedia.com/JkKh0Tjb8LBK99hX77QgE8y2MpvwLOearveBOIv01e8.jpg,"['https://i.redd.it/rc8kpvcmbkmf1.jpg', 'https://i.redd.it/wlir15imbkmf1.jpg']",2025-09-01T14:22:05.000Z,2025-09-01T18:40:54.329Z,post,,,,,
t1_nbuhdbi,nbuhdbi,https://www.reddit.com/r/lancaster/comments/1n5q137/looking_for_homes_for_my_moms_two_cats/nbuhdbi/,PhilosopherStrong201,t2_1311lcqz34,,r/lancaster,,A lot of rescues are still dealing with an overflow of kittens and won't have space rn.,"&lt;div class=""md""&gt;&lt;p&gt;A lot of rescues are still dealing with an overflow of kittens and won&amp;#39;t have space rn.&lt;/p&gt;
&lt;/div&gt;",,,,5,,,,,,,2025-09-01T14:52:15.000Z,2025-09-01T18:40:54.413Z,comment,,t3_1n5q137,t3_1n5q137,lancaster,0.0
t1_nbuf8c6,nbuf8c6,https://www.reddit.com/r/lancaster/comments/1n5q137/looking_for_homes_for_my_moms_two_cats/nbuf8c6/,allisonrz,t2_15rcr9,,r/lancaster,,😭😭😭 I hope you can find these 2 a home,"&lt;div class=""md""&gt;&lt;p&gt;😭😭😭 I hope you can find these 2 a home&lt;/p&gt;
&lt;/div&gt;",,,,3,,,,,,,2025-09-01T14:41:39.000Z,2025-09-01T18:40:54.413Z,comment,,t3_1n5q137,t3_1n5q137,lancaster,0.0
t1_nbuns50,nbuns50,https://www.reddit.com/r/lancaster/comments/1n5q137/looking_for_homes_for_my_moms_two_cats/nbuns50/,jcontino889,t2_139trz,,r/lancaster,,"If you haven’t already, please try calling Centerville Pet Rescue","&lt;div class=""md""&gt;&lt;p&gt;If you haven’t already, please try calling Centerville Pet Rescue&lt;/p&gt;
&lt;/div&gt;",,,,3,,,,,,,2025-09-01T15:23:52.000Z,2025-09-01T18:40:54.413Z,comment,,t3_1n5q137,t3_1n5q137,lancaster,0.0
t1_nbus3ox,nbus3ox,https://www.reddit.com/r/lancaster/comments/1n5q137/looking_for_homes_for_my_moms_two_cats/nbus3ox/,xkissmykittyx,t2_5c26ufu9,,r/lancaster,,"Unfortunately it's kitten season and us cat rescues are filled to capacity and then some. Here's a spreadsheet of over 100+ rescues in and around Lancaster county (50ish mile radius):

http://centralpacatrescues.com","&lt;div class=""md""&gt;&lt;p&gt;Unfortunately it&amp;#39;s kitten season and us cat rescues are filled to capacity and then some. Here&amp;#39;s a spreadsheet of over 100+ rescues in and around Lancaster county (50ish mile radius):&lt;/p&gt;

&lt;p&gt;&lt;a href=""http://centralpacatrescues.com""&gt;http://centralpacatrescues.com&lt;/a&gt;&lt;/p&gt;
&lt;/div&gt;",,,,5,,,,,,,2025-09-01T15:45:00.000Z,2025-09-01T18:40:54.413Z,comment,,t3_1n5q137,t3_1n5q137,lancaster,0.0
t3_1n4seyc,1n4seyc,https://www.reddit.com/r/Pets/comments/1n4seyc/new_cat_mom/,Dismal_Mood8108,t2_1wqq5htdwe,New cat mom,r/Pets,Pets,"This little goblin moved into my life a few months ago, and my allergies have been trying to fight her ever since. At first, it was rough, sneezing fits, itchy eyes, the whole thing. After some trial and error with allergy meds and even a nasal spray from LUCA’s, I finally found a balance that works for me.

Now I can actually enjoy cuddling with her and all the chaos of being a cat mom without constantly reaching for tissues. Feeling pretty relieved and honestly so happy to have her in my life.","&lt;!-- SC_OFF --&gt;&lt;div class=""md""&gt;&lt;p&gt;This little goblin moved into my life a few months ago, and my allergies have been trying to fight her ever since. At first, it was rough, sneezing fits, itchy eyes, the whole thing. After some trial and error with allergy meds and even a nasal spray from LUCA’s, I finally found a balance that works for me.&lt;/p&gt;

&lt;p&gt;Now I can actually enjoy cuddling with her and all the chaos of being a cat mom without constantly reaching for tissues. Feeling pretty relieved and honestly so happy to have her in my life.&lt;/p&gt;
&lt;/div&gt;&lt;!-- SC_ON --&gt;",https://www.reddit.com/r/Pets/comments/1n4seyc/new_cat_mom/,2.0,CAT,3,0.8,False,False,False,,[],2025-08-31T11:35:56.000Z,2025-09-01T18:40:56.045Z,post,,,,,
t1_nbnbetg,nbnbetg,https://www.reddit.com/r/Pets/comments/1n4seyc/new_cat_mom/nbnbetg/,JColt60,t2_1n13mjta,,r/Pets,,Using a hepa air purifier  helps in bedroom also if cat sleeping with you. Vacuuming more frequently especially in sleeping area's help also.,"&lt;div class=""md""&gt;&lt;p&gt;Using a hepa air purifier  helps in bedroom also if cat sleeping with you. Vacuuming more frequently especially in sleeping area&amp;#39;s help also.&lt;/p&gt;
&lt;/div&gt;",,,,1,,,,,,,2025-08-31T11:46:25.000Z,2025-09-01T18:40:56.141Z,comment,,t3_1n4seyc,t3_1n4seyc,Pets,0.0
t1_nboquax,nboquax,https://www.reddit.com/r/Pets/comments/1n4seyc/new_cat_mom/nboquax/,Obse55ive,t2_cub38jei,,r/Pets,,I used to be allergic to cats as a kid and as an adult a lot of my allergies either went away or the effects were less severe. We adopted my cat last year and sometimes he causes slight allergies. I bought allergy eye drops because my eyes get itchy and it's helped. My brother in law has a cat and he had to get monthly allergy shots because it was so severe but then was able to build up a tolerance.,"&lt;div class=""md""&gt;&lt;p&gt;I used to be allergic to cats as a kid and as an adult a lot of my allergies either went away or the effects were less severe. We adopted my cat last year and sometimes he causes slight allergies. I bought allergy eye drops because my eyes get itchy and it&amp;#39;s helped. My brother in law has a cat and he had to get monthly allergy shots because it was so severe but then was able to build up a tolerance.&lt;/p&gt;
&lt;/div&gt;",,,,1,,,,,,,2025-08-31T16:32:45.000Z,2025-09-01T18:40:56.141Z,comment,,t3_1n4seyc,t3_1n4seyc,Pets,0.0
t3_1n4p2al,1n4p2al,https://www.reddit.com/r/cats/comments/1n4p2al/my_moms_black_cat/,ronnie_outlaw,t2_62rsb3z8,My mom’s black cat.,r/cats,cats,"My mom adopted a stray cat few years ago. He’s quite the character. He has a unique way of sleeping on top of the fridge, and he’s known for being quite peculiar. But despite his quirks, the other cats from the neighboring houses respect him, you van see it in the way they look at him. He’s like Don Corleone of the cat world.","&lt;!-- SC_OFF --&gt;&lt;div class=""md""&gt;&lt;p&gt;My mom adopted a stray cat few years ago. He’s quite the character. He has a unique way of sleeping on top of the fridge, and he’s known for being quite peculiar. But despite his quirks, the other cats from the neighboring houses respect him, you van see it in the way they look at him. He’s like Don Corleone of the cat world.&lt;/p&gt;
&lt;/div&gt;&lt;!-- SC_ON --&gt;",https://www.reddit.com/gallery/1n4p2al,0.0,Cat Picture - OC,18,0.96,False,False,False,https://a.thumbs.redditmedia.com/lWiSg9ffbcbmXwB1ETOKdjQGgP86m9H5wSb5pstETh8.jpg,"['https://i.redd.it/69zqh2l6bbmf1.jpg', 'https://i.redd.it/md80g2l6bbmf1.jpg', 'https://i.redd.it/mryl36l6bbmf1.jpg', 'https://i.redd.it/asq0fzk6bbmf1.jpg']",2025-08-31T08:03:41.000Z,2025-09-01T18:40:56.853Z,post,,,,,
t3_1n560x5,1n560x5,https://www.reddit.com/r/redditgetsdrawnbadly/comments/1n560x5/one_fat_cat_and_his_mom/,Ecstatic_Donut_3014,t2_1jz7gyhtnb,One fat cat and his mom,r/redditgetsdrawnbadly,redditgetsdrawnbadly,Fat one is pickles small one is ashes. ,"&lt;!-- SC_OFF --&gt;&lt;div class=""md""&gt;&lt;p&gt;Fat one is pickles small one is ashes. &lt;/p&gt;
&lt;/div&gt;&lt;!-- SC_ON --&gt;",https://i.redd.it/9jdmqo126fmf1.jpeg,2.0,Pets,3,0.81,False,False,False,https://a.thumbs.redditmedia.com/KRP5u-z_f0weiSQccAItyZ0JzYIUOQ8oR37EEf_4Y_0.jpg,['https://i.redd.it/9jdmqo126fmf1.jpeg'],2025-08-31T21:02:38.000Z,2025-09-01T18:40:56.854Z,post,,,,,
