[
    {
      "category": "hook_analysis",
      "winners": "Viral videos establish narrative tension or character personality in the first 2-3 seconds using conflict ('Mr. Milo is back to being an evil genius'), cultural reference ('American Horror Story intros be like'), or controversial statements ('YOU'RE NOT A MOM'). 100% (4/4) create instant intrigue.",
      "losers": "Non-viral videos open with passive observations or simple descriptions: 'Oh to be a cat!!', 'Afternoon nap', 'Play time'. These provide context but lack narrative hook or emotional charge. 100% (14/14) use descriptive openings.",
      "overlap": "Both feature cats as the primary subject matter and use short-form video format optimized for social media consumption.",
      "key_difference": "Viral hooks establish a story problem or bold premise within 2-3 seconds; non-viral hooks simply describe what viewers will see without creating tension or curiosity."
    },
    {
      "category": "content_structure_and_narrative",
      "winners": "All viral videos (4/4, 100%) follow clear narrative arcs with setup, escalation, and payoff. Examples: Milo builds from suspicion to caught-in-the-act proof; Simon's Cat follows problem-solution-twist; AHS parody accumulates dramatic shots to punchline; 'You're Not a Mom' accumulates evidence against opening challenge.",
      "losers": "Non-viral videos (14/14, 100%) present static moments or repetitive actions without narrative progression. Cat grooming itself, sleeping peacefully, playing with toy - single activities shown without story development.",
      "overlap": "Both use authentic cat behavior as content foundation and maintain consistent visual quality throughout.",
      "key_difference": "Viral content creates narrative tension that builds and resolves across multiple story beats; non-viral content documents single moments without arc or progression."
    },
    {
      "category": "duration_and_pacing",
      "winners": "Viral videos utilize full duration (15.9 to 89.9 seconds) with rapid cuts and varied scenes. AHS parody delivers 13 distinct vignettes in 15.9 seconds; 'You're Not a Mom' presents 16 scenarios in 47.7 seconds. Average scene duration: 1.2-3.5 seconds per cut.",
      "losers": "Non-viral videos maintain static or slow-changing scenes even in longer durations. 63.3-second compilation shows repetitive meows without scene variation; 60-second laser pointer video shows continuous single activity. Average scene duration: 6-60 seconds per scene.",
      "overlap": "Both utilize durations under 90 seconds, appropriate for short-form social media platforms.",
      "key_difference": "Viral videos maximize content density with 10+ distinct moments per video; non-viral videos stretch single moments across entire duration, resulting in visual monotony."
    },
    {
      "category": "implied_comedy_and_emotional_elements",
      "winners": "Viral videos employ sophisticated comedic techniques: juxtaposition (mundane cat behavior vs. horror aesthetic), dramatic irony (claiming maturity while being babied), escalating absurdity (elaborate trapping scheme), subverted expectations (kitten encounters hedgehog). All create humor through contrast or surprise.",
      "losers": "Non-viral videos rely on inherent cuteness without additional comedic layers. Grumpy cat with hiccups presents straightforward observation; sleeping cat offers no comedic element beyond wholesomeness. When humor is attempted ('tuna breath', 'Coffee Boy'), it requires caption explanation and isn't visually evident.",
      "overlap": "Both feature endearing cat behaviors that naturally appeal to animal lovers.",
      "key_difference": "Viral comedy creates humor through structural execution and framing; non-viral content depends solely on subject cuteness without additional comedic architecture."
    },
    {
      "category": "caption_strategy_and_context",
      "winners": "Viral captions create additional meaning layers essential to understanding. 'Mama, I'm not a baby anymore' creates comedic contrast; 'Coven of Chaos' provides cultural context; 'There's room for all of us' reframes debate inclusively. Captions enhance or recontextualize video content.",
      "losers": "Non-viral captions simply describe content: 'Play time', 'Cat Galaxy', 'Walking with all the babies'. These add no interpretive layer or additional meaning beyond surface description.",
      "overlap": "Both include hashtags for discoverability and brief text descriptions.",
      "key_difference": "Viral captions add irony, context, or reframing that changes content interpretation; non-viral captions merely label what's already visible on screen."
    },
    {
      "category": "character_and_relatability",
      "winners": "Viral videos establish distinct character personalities or highly relatable scenarios. Milo as 'evil genius' with established persona; Nimbus as dramatic performer; pet parent defending legitimacy. Each creates identification points for specific audiences (cat owners experiencing mischief, AHS fans, pet parents facing criticism).",
      "losers": "Non-viral videos show generic cat behaviors without character development or specific relatable scenarios. Cats grooming, sleeping, playing are universal but not distinctive. Product demonstration addresses niche need (baby + cat strolling) without broad relatability.",
      "overlap": "Both feature cats displaying natural feline behaviors that are recognizable to cat owners.",
      "key_difference": "Viral content creates specific personalities or scenarios viewers recognize from their own experience; non-viral content shows generic cute moments without distinctive character hooks."
    },
    {
      "category": "call_to_action_and_engagement_design",
      "winners": "Viral videos prompt discussion through controversy ('You're not a mom'), identification ('My cat does this too!'), cultural reference sharing (AHS fans), or story completion speculation. Comments reflect active debate and personal stories - averaging 586-2,878 comments with 0.08% comment rate.",
      "losers": "Non-viral videos generate minimal discussion despite comparable/higher view counts. Videos with 26k-273k views generate only 1-315 comments. Product video explicitly requests 'Comment LINK' but receives only 364 comments on 140k views. Average 0.02% comment rate.",
      "overlap": "Both include implicit invitations to engage through likes and shares, typical of social media content.",
      "key_difference": "Viral videos create natural conversation starters through controversy, relatability, or cultural reference; non-viral videos offer nothing to discuss beyond 'cute', resulting in 75% fewer comments per view."
    }
]