[
    {
      "id": 1,
      "name": "Narrative Arc Density",
      "hypothesis": "Opening with a 3-scene problem escalation (vet bill shock → checking account → panic face) within the first 5 seconds will drive higher completion rates than single-scene problem setups.",
      "reasoning": "Viral content averaged 10-15 scene changes with 1.2-3.5 second holds per scene, creating momentum through rapid visual variety, while non-viral content maintained 6-60 second static scenes that led to viewer drop-off.",
      "validation_method": "A/B test version A (3 quick cuts in first 5 seconds: bill reveal, wallet empty, worried expression) vs. version B (single 5-second shot of person holding vet bill). Measure completion rate and average watch time.",
      "success_metrics": ["completion_rate", "average_watch_time", "3_second_retention"]
    },
    {
      "id": 2,
      "name": "Contradictory Caption-Video Dynamic",
      "hypothesis": "Pairing video content with captions that contradict or reframe the visuals ('My cat has platinum healthcare. I have Meow Mobile.') will increase shareability compared to descriptive captions.",
      "reasoning": "All viral videos used captions to add meaning layers (ironic contrast in 'I'm a grown-up cat,' cultural context in AHS parody, debate-framing in 'You're not a mom'), while non-viral captions merely described content without interpretive addition.",
      "validation_method": "A/B test version A (caption creates ironic contrast to visuals) vs. version B (caption describes what's shown: 'Free vet care with Meow Mobile'). Measure share rate and saves.",
      "success_metrics": ["share_rate", "saves", "caption_screenshot_rate"]
    },
    {
      "id": 3,
      "name": "Character Consistency Across Scene Changes",
      "hypothesis": "Maintaining a single identifiable 'character type' (e.g., anxious cat parent, budget-conscious millennial) across all rapid scene changes will outperform generic user demonstrations.",
      "reasoning": "Viral videos established distinct personalities (Milo as 'evil genius,' defensive pet parent) that viewers could identify with, while non-viral content showed generic behaviors without character development despite similar subject matter.",
      "validation_method": "A/B test version A (same actor playing 'overly worried cat parent' character across 10+ scenes) vs. version B (multiple different people/scenarios with no character through-line). Measure brand recall and relatability scores.",
      "success_metrics": ["brand_recall", "relatability_score", "comment_mentions_of_character"]
    },
    {
      "id": 4,
      "name": "Scene Transition Velocity",
      "hypothesis": "Changing visual context every 2-3 seconds for the full 30-second duration will maintain higher watch-through rates than 5-7 second scene holds.",
      "reasoning": "Viral videos averaged 1.2-3.5 seconds per scene with 10-15 total scenes, maintaining constant visual novelty, while non-viral videos with similar durations used fewer, longer scenes (6-60 seconds) despite lower retention.",
      "validation_method": "A/B test version A (15 scenes × 2 seconds each) vs. version B (6 scenes × 5 seconds each), both covering identical content beats. Measure watch-through rate and drop-off points.",
      "success_metrics": ["watch_through_rate", "average_watch_percentage", "frame_by_frame_retention"]
    },
    {
      "id": 5,
      "name": "Juxtaposition-Based Humor Structure",
      "hypothesis": "Structuring the ad as dramatic contrast (treating mundane mobile plan like life-or-death decision, or vice versa) will generate more comments than straightforward benefit presentation.",
      "reasoning": "Viral videos used structural comedy (mundane cat behavior × horror aesthetic, baby treatment × adult cat claim) rather than relying on subject cuteness, while non-viral content showed cute moments without comedic framing and averaged 96% fewer comments per view.",
      "validation_method": "A/B test version A (shot like a medical drama: 'We're losing him!' → reveals it's just a phone plan signup) vs. version B (standard testimonial showing plan benefits). Measure comment rate and sentiment.",
      "success_metrics": ["comment_rate", "comment_sentiment", "shares_with_commentary"]
    },
    {
      "id": 6,
      "name": "Controversy-Seeded Opening",
      "hypothesis": "Beginning with a debate-provoking statement ('Pet insurance is a scam' or 'Your cat deserves better healthcare than you') will drive higher comment rates than neutral hooks.",
      "reasoning": "The viral 'You're Not a Mom' video generated 645 comments by opening with controversial framing, creating natural discussion prompts, while non-viral videos with higher view counts generated only 1-315 comments by lacking discussion catalysts.",
      "validation_method": "A/B test version A (opens with bold/controversial claim about pet insurance industry) vs. version B (opens with neutral problem statement: 'Vet bills are expensive'). Measure comment rate and discussion depth.",
      "success_metrics": ["comment_rate", "replies_per_comment", "discussion_thread_length"]
    },
    {
      "id": 7,
      "name": "Payoff Delay Structure",
      "hypothesis": "Revealing the product/solution only in the final 5 seconds after 25 seconds of narrative buildup will increase brand recall compared to early product introduction.",
      "reasoning": "All viral videos delayed their 'answer' or resolution until final moments (Milo's final smug pose, hedgehog reveal, final barfing scene, AHS cat-in-cone conclusion), maintaining tension throughout, while non-viral content frontloaded or continuously showed the subject without withholding.",
      "validation_method": "A/B test version A (problem escalation for 25 seconds → Meow Mobile reveal at 0:25-0:30) vs. version B (Meow Mobile introduced at 0:05, then demonstrated throughout). Measure brand recall at 24 and 48 hours.",
      "success_metrics": ["24hr_brand_recall", "48hr_brand_recall", "message_association_accuracy"]
    },
    {
      "id": 8,
      "name": "Cultural Reference Framing",
      "hypothesis": "Structuring the entire ad as a recognizable format parody (e.g., 'House Hunters: Vet Edition' or reality show confessional style) will increase shares among specific audience segments compared to original formats.",
      "reasoning": "The AHS parody achieved 5.1M views by leveraging existing cultural framework recognition, allowing fans to immediately understand the joke structure, while original formats required more cognitive effort to process the humor.",
      "validation_method": "A/B test version A (structured as recognizable TV show parody) vs. version B (original comedic format with similar jokes but no cultural reference frame). Measure shares and audience demographic breakdown.",
      "success_metrics": ["share_rate", "audience_overlap_with_reference", "cultural_reference_mentions_in_comments"]
    }
]